stage,time_s,element,integration_point,x_m,y_m,z_m,temperature_k,s11_pa,s22_pa,s33_pa,s12_pa,s13_pa,s23_pa,e11,e22,e33,e12_engineering,e13_engineering,e23_engineering,ee11,ee22,ee33,ee12_engineering,ee13_engineering,ee23_engineering,le11,le22,le33,le12_engineering,le13_engineering,le23_engineering,ivol_m3
1,0.001,1,1,0.2125928145976161,0.211324865405185,0.211324865405185,600,1610552956.515071,690236981.3636019,690236981.3636019,5.177514792899377e-18,-4.170008350535963e-09,3.018181307776529e-33,0.005982053838484552,-2.891205796756217e-19,-2.891205796756217e-19,6.73076923076919e-29,-5.421010855696753e-20,3.923635700109488e-44,0.005982053838484552,-2.891205796756217e-19,-2.891205796756217e-19,6.73076923076919e-29,-5.421010855696753e-20,3.923635700109488e-44,0.005982071677547469,0,0,0,0,0,0.1257500000000001
1,0.001,1,2,0.793407185402384,0.2113248654051851,0.2113248654051851,600,1610552956.515071,690236981.3636019,690236981.3636019,1.387310907557564e-18,1.668003342424122e-08,2.694804739086187e-33,0.005982053838484552,-2.891205796756217e-19,-2.891205796756217e-19,1.803504179824833e-29,2.168404345151359e-19,3.503246160812043e-44,0.005982053838484552,-2.891205796756217e-19,-2.891205796756217e-19,1.803504179824833e-29,2.168404345151359e-19,3.503246160812043e-44,0.005982071677547469,0,0,0,0,0,0.12575
1,0.001,1,3,0.2125928145976161,0.7886751345948151,0.2113248654051851,600,1610552956.515071,690236981.3636022,690236981.3636022,5.177514792899374e-18,1.932274826404017e-17,-1.29350627476137e-33,0.00598205383848455,5.782411583127818e-19,5.782411583127818e-19,6.730769230769187e-29,2.511957274325222e-28,-1.68155815718978e-44,0.00598205383848455,5.782411583127818e-19,5.782411583127818e-19,6.730769230769187e-29,2.511957274325222e-28,-1.68155815718978e-44,0.005982071677547469,0,0,0,0,0,0.1257500000000001
1,0.001,1,4,0.793407185402384,0.7886751345948151,0.211324865405185,600,1610552956.515071,690236981.3636022,690236981.3636022,1.387310907557561e-18,1.00080200542301e-07,-3.772726634720661e-33,0.00598205383848455,5.782411583127818e-19,5.782411583127818e-19,1.80350417982483e-29,1.301042607049913e-18,-4.90454462513686e-44,0.00598205383848455,5.782411583127818e-19,5.782411583127818e-19,1.80350417982483e-29,1.301042607049913e-18,-4.90454462513686e-44,0.005982071677547469,0,0,0,0,0,0.12575
1,0.001,1,5,0.2125928145976161,0.211324865405185,0.7886751345948151,600,1610552956.515071,690236981.3636019,690236981.3636019,1.932274826404017e-17,-4.170008350535963e-09,-8.623375165075797e-34,0.005982053838484551,-3.461538461538465e-28,-3.461538461538465e-28,2.511957274325222e-28,-5.421010855696753e-20,-1.121038771459854e-44,0.005982053838484551,-3.461538461538465e-28,-3.461538461538465e-28,2.511957274325222e-28,-5.421010855696753e-20,-1.121038771459854e-44,0.005982071677547469,0,0,0,0,0,0.12575
1,0.001,1,6,0.7934071854023839,0.211324865405185,0.788675134594815,600,1610552956.515071,690236981.3636019,690236981.3636019,5.17751479289938e-18,1.668003342424122e-08,3.125973497339976e-33,0.005982053838484551,-3.461538461538466e-28,-3.461538461538465e-28,6.730769230769194e-29,2.168404345151359e-19,4.06376554654197e-44,0.005982053838484551,-3.461538461538466e-28,-3.461538461538465e-28,6.730769230769194e-29,2.168404345151359e-19,4.06376554654197e-44,0.005982071677547469,0,0,0,0,0,0.12575
1,0.001,1,7,0.2125928145976161,0.7886751345948151,0.7886751345948151,600,1610552956.515071,690236981.3636019,690236981.3636019,-1.668003340353117e-08,-1.668003340353117e-08,-8.623375165075797e-33,0.005982053838484552,-2.891205796756217e-19,-2.891205796756217e-19,-2.168404342459052e-19,-2.168404342459052e-19,-1.121038771459854e-43,0.005982053838484552,-2.891205796756217e-19,-2.891205796756217e-19,-2.168404342459052e-19,-2.168404342459052e-19,-1.121038771459854e-43,0.005982071677547469,0,0,0,0,0,0.12575
1,0.001,1,8,0.7934071854023839,0.7886751345948151,0.7886751345948151,600,1610552956.515071,690236981.3636019,690236981.3636019,-3.336006684053031e-08,3.336006685088534e-08,-1.29350627476137e-33,0.005982053838484552,-2.891205796756217e-19,-2.891205796756217e-19,-4.336808689268941e-19,4.336808690615095e-19,-1.68155815718978e-44,0.005982053838484552,-2.891205796756217e-19,-2.891205796756217e-19,-4.336808689268941e-19,4.336808690615095e-19,-1.68155815718978e-44,0.005982071677547469,0,0,0,0,0,0.12575
2,0.002,1,1,0.2138607637900472,0.211324865405185,0.211324865405185,600,3211528789.403691,1376369481.17301,1376369481.17301,5.146819707686699e-18,-8.315071491789327e-09,1.659128672327648e-33,0.01192853550349942,-5.782411590071603e-19,-5.782411590071603e-19,6.690865619992709e-29,-1.080959293932613e-19,2.156867274025942e-44,0.01192853550349942,-5.782411590071603e-19,-5.782411590071603e-19,6.690865619992709e-29,-1.080959293932613e-19,2.156867274025942e-44,0.01192857086527381,0,0,0,0,0,0.1265000000000001
2,0.002,1,2,0.7981392362099529,0.2113248654051851,0.2113248654051851,600,3211528789.403691,1376369481.17301,1376369481.17301,1.379086184263221e-18,3.326028598912368e-08,5.421799329173927e-34,0.01192853550349942,-5.782411590071603e-19,-5.782411590071603e-19,1.792812039542188e-29,4.323837178586078e-19,7.048339127926107e-45,0.01192853550349942,-5.782411590071603e-19,-5.782411590071603e-19,1.792812039542188e-29,4.323837178586078e-19,7.048339127926107e-45,0.01192857086527381,0,0,0,0,0,0.1265
2,0.002,1,3,0.2138607637900472,0.7886751345948151,0.2113248654051851,600,3211528789.40369,1376369481.17301,1376369481.17301,5.146819707686696e-18,1.92081926464838e-17,-2.652698415037957e-33,0.01192853550349942,8.673617376401789e-19,8.673617376401789e-19,6.690865619992706e-29,2.497065044042895e-28,-3.448507939549345e-44,0.01192853550349942,8.673617376401789e-19,8.673617376401789e-19,6.690865619992706e-29,2.497065044042895e-28,-3.448507939549345e-44,0.01192857086527381,0,0,0,0,0,0.1265000000000001
2,0.002,1,4,0.7981392362099529,0.7886751345948151,0.211324865405185,600,3211528789.40369,1376369481.17301,1376369481.17301,1.379086184263219e-18,1.995617159316144e-07,-2.269585864660396e-33,0.01192853550349942,8.673617376401789e-19,8.673617376401789e-19,1.792812039542184e-29,2.594302307110987e-18,-2.950461624058516e-44,0.01192853550349942,8.673617376401789e-19,8.673617376401789e-19,1.792812039542184e-29,2.594302307110987e-18,-2.950461624058516e-44,0.01192857086527381,0,0,0,0,0,0.1265
2,0.002,1,5,0.2138607637900473,0.211324865405185,0.7886751345948151,600,3211528789.40369,1376369481.17301,1376369481.17301,1.92081926464838e-17,-8.315071491789327e-09,1.958939826886774e-34,0.01192853550349942,-2.891205796776924e-19,-2.891205796776924e-19,2.497065044042895e-28,-1.080959293932613e-19,2.546621774952804e-45,0.01192853550349942,-2.891205796776924e-19,-2.891205796776924e-19,2.497065044042895e-28,-1.080959293932613e-19,2.546621774952804e-45,0.01192857086527381,0,0,0,0,0,0.1265
2,0.002,1,6,0.7981392362099529,0.211324865405185,0.788675134594815,600,3211528789.40369,1376369481.17301,1376369481.17301,5.146819707686701e-18,3.326028598912368e-08,8.946224299543469e-34,0.01192853550349942,-2.891205796776924e-19,-2.891205796776924e-19,6.690865619992712e-29,4.323837178586078e-19,1.163009158940651e-44,0.01192853550349942,-2.891205796776924e-19,-2.891205796776924e-19,6.690865619992712e-29,4.323837178586078e-19,1.163009158940651e-44,0.01192857086527381,0,0,0,0,0,0.1265
2,0.002,1,7,0.2138607637900473,0.7886751345948151,0.7886751345948151,600,3211528789.403691,1376369481.17301,1376369481.17301,-3.326028596853641e-08,-3.326028596853641e-08,-3.606094994039379e-27,0.01192853550349942,-5.782411590071603e-19,-5.782411590071603e-19,-4.323837175909733e-19,-4.323837175909733e-19,-4.687923492251193e-38,0.01192853550349942,-5.782411590071603e-19,-5.782411590071603e-19,-4.323837175909733e-19,-4.323837175909733e-19,-4.687923492251193e-38,0.01192857086527381,0,0,0,0,0,0.1265
2,0.002,1,8,0.7981392362099529,0.7886751345948151,0.7886751345948151,600,3211528789.403691,1376369481.17301,1376369481.17301,-3.336006684056101e-08,6.652057198063601e-08,7.233811521608865e-27,0.01192853550349942,-5.782411590071603e-19,-5.782411590071603e-19,-4.336808689272931e-19,8.647674357482681e-19,9.403954978091524e-38,0.01192853550349942,-5.782411590071603e-19,-5.782411590071603e-19,-4.336808689272931e-19,8.647674357482681e-19,9.403954978091524e-38,0.01192857086527381,0,0,0,0,0,0.1265
3,0.003,1,1,0.2151287129824783,0.211324865405185,0.211324865405185,600,4803040725.743215,2058446025.31852,2058446025.31852,5.116670044653794e-18,-1.243533775481194e-08,5.135564651241853e-33,0.01783986555276051,-8.673617383386865e-19,-8.673617383386865e-19,6.651671058049933e-29,-1.616593908125552e-19,6.676234046614409e-44,0.01783986555276051,-8.673617383386865e-19,-8.673617383386865e-19,6.651671058049933e-29,-1.616593908125552e-19,6.676234046614409e-44,0.01783991812833102,0,0,0,0,0,0.1272500000000001
3,0.003,1,2,0.8028712870175216,0.2113248654051851,0.2113248654051851,600,4803040725.743215,2058446025.31852,2058446025.31852,1.371007606401484e-18,4.974135104108544e-08,6.510182539722253e-33,0.01783986555276051,-8.673617383386865e-19,-8.673617383386865e-19,1.782309888321929e-29,6.466375635341108e-19,8.463237301638929e-44,0.01783986555276051,-8.673617383386865e-19,-8.673617383386865e-19,1.782309888321929e-29,6.466375635341108e-19,8.463237301638929e-44,0.01783991812833102,0,0,0,0,0,0.12725
3,0.003,1,3,0.2151287129824783,0.7886751345948151,0.2113248654051851,600,4803040725.743214,2058446025.318521,2058446025.318521,5.116670044653793e-18,1.909567257221392e-17,1.488879618345134e-33,0.01783986555276051,8.673617376381205e-19,8.673617376381205e-19,6.651671058049931e-29,2.48243743438781e-28,1.935543503848673e-44,0.01783986555276051,8.673617376381205e-19,8.673617376381205e-19,6.651671058049931e-29,2.48243743438781e-28,1.935543503848673e-44,0.01783991812833102,0,0,0,0,0,0.1272500000000001
3,0.003,1,4,0.8028712870175216,0.7886751345948151,0.211324865405185,600,4803040725.743214,2058446025.318521,2058446025.318521,1.371007606401482e-18,2.984481062434033e-07,1.712785807560902e-33,0.01783986555276051,8.673617376381205e-19,8.673617376381205e-19,1.782309888321927e-29,3.879825381164244e-18,2.226621549829173e-44,0.01783986555276051,8.673617376381205e-19,8.673617376381205e-19,1.782309888321927e-29,3.879825381164244e-18,2.226621549829173e-44,0.01783991812833102,0,0,0,0,0,0.12725
3,0.003,1,5,0.2151287129824783,0.211324865405185,0.7886751345948151,600,4803040725.743214,2058446025.31852,2058446025.31852,1.909567257221392e-17,-1.243533775481194e-08,1.309699711548238e-33,0.01783986555276051,-2.891205796797508e-19,-2.891205796797508e-19,2.48243743438781e-28,-1.616593908125552e-19,1.70260962501271e-44,0.01783986555276051,-2.891205796797508e-19,-2.891205796797508e-19,2.48243743438781e-28,-1.616593908125552e-19,1.70260962501271e-44,0.01783991812833102,0,0,0,0,0,0.12725
3,0.003,1,6,0.8028712870175218,0.211324865405185,0.788675134594815,600,4803040725.743214,2058446025.31852,2058446025.31852,5.116670044653799e-18,4.974135104108544e-08,7.105174828335433e-33,0.01783986555276051,-2.891205796797508e-19,-2.891205796797508e-19,6.651671058049938e-29,6.466375635341108e-19,9.236727276836062e-44,0.01783986555276051,-2.891205796797508e-19,-2.891205796797508e-19,6.651671058049938e-29,6.466375635341108e-19,9.236727276836062e-44,0.01783991812833102,0,0,0,0,0,0.12725
3,0.003,1,7,0.2151287129824783,0.7886751345948151,0.7886751345948151,600,4803040725.743215,2058446025.31852,2058446025.31852,-4.974135102061877e-08,-4.974135102061877e-08,-1.079669589590964e-26,0.01783986555276051,-8.673617383386865e-19,-8.673617383386865e-19,-6.46637563268044e-19,-6.46637563268044e-19,-1.403570466468253e-37,0.01783986555276051,-8.673617383386865e-19,-8.673617383386865e-19,-6.46637563268044e-19,-6.46637563268044e-19,-1.403570466468253e-37,0.01783991812833102,0,0,0,0,0,0.12725
3,0.003,1,8,0.8028712870175216,0.7886751345948151,0.7886751345948151,600,4803040725.743215,2058446025.31852,2058446025.31852,-3.336006684059116e-08,9.948270208454554e-08,1.446762713764987e-26,0.01783986555276051,-8.673617383386865e-19,-8.673617383386865e-19,-4.336808689276851e-19,1.293275127099092e-18,1.880791527894484e-37,0.01783986555276051,-8.673617383386865e-19,-8.673617383386865e-19,-4.336808689276851e-19,1.293275127099092e-18,1.880791527894484e-37,0.01783991812833102,0,0,0,0,0,0.12725
4,0.004,1,1,0.2163966621749094,0.211324865405185,0.211324865405185,600,6385199996.443134,2736514284.189914,2736514284.189914,5.087054030390201e-18,-1.653095372213522e-08,9.452795468281102e-34,0.02371645712964593,-1.156482317670201e-18,-1.156482317670201e-18,6.613170239507262e-29,-2.149023983877578e-19,1.228863410876543e-44,0.02371645712964593,-1.156482317670201e-18,-1.156482317670201e-18,6.613170239507262e-29,-2.149023983877578e-19,1.228863410876543e-44,0.02371652661731606,0,0,0,0,0,0.1280000000000001
4,0.004,1,2,0.8076033378250905,0.2113248654051851,0.2113248654051851,600,6385199996.443134,2736514284.189914,2736514284.189914,1.363072019296525e-18,6.612381491025216e-08,2.463618750445722e-33,0.02371645712964593,-1.156482317670201e-18,-1.156482317670201e-18,1.771993625085482e-29,8.59609593833278e-19,3.202704375579439e-44,0.02371645712964593,-1.156482317670201e-18,-1.156482317670201e-18,1.771993625085482e-29,8.59609593833278e-19,3.202704375579439e-44,0.02371652661731606,0,0,0,0,0,0.128
4,0.004,1,3,0.2163966621749094,0.7886751345948151,0.2113248654051851,600,6385199996.443132,2736514284.189914,2736514284.189914,5.087054030390201e-18,1.898514410226451e-17,-8.606532635456282e-34,0.02371645712964592,1.156482316965542e-18,1.156482316965542e-18,6.613170239507262e-29,2.468068733294386e-28,-1.118849242609317e-44,0.02371645712964592,1.156482316965542e-18,1.156482316965542e-18,6.613170239507262e-29,2.468068733294386e-28,-1.118849242609317e-44,0.02371652661731606,0,0,0,0,0,0.1280000000000001
4,0.004,1,4,0.8076033378250905,0.7886751345948151,0.211324865405185,600,6385199996.443132,2736514284.189914,2736514284.189914,1.363072019296525e-18,3.967428894584216e-07,-8.418390354183131e-34,0.02371645712964592,1.156482316965542e-18,1.156482316965542e-18,1.771993625085482e-29,5.157657562959481e-18,-1.094390746043807e-44,0.02371645712964592,1.156482316965542e-18,1.156482316965542e-18,1.771993625085482e-29,5.157657562959481e-18,-1.094390746043807e-44,0.02371652661731606,0,0,0,0,0,0.128
4,0.004,1,5,0.2163966621749094,0.211324865405185,0.7886751345948151,600,6385199996.443132,2736514284.189914,2736514284.189914,1.898514410226451e-17,-1.653095372213522e-08,-1.870926242060241e-34,0.02371645712964592,-3.523291906919634e-28,-3.523291906919634e-28,2.468068733294386e-28,-2.149023983877578e-19,-2.432204114678312e-45,0.02371645712964592,-3.523291906919634e-28,-3.523291906919634e-28,2.468068733294386e-28,-2.149023983877578e-19,-2.432204114678312e-45,0.02371652661731606,0,0,0,0,0,0.128
4,0.004,1,6,0.8076033378250906,0.211324865405185,0.788675134594815,600,6385199996.443132,2736514284.189914,2736514284.189914,5.087054030390206e-18,6.612381491025216e-08,4.839309535080008e-33,0.02371645712964592,-3.523291906919634e-28,-3.523291906919634e-28,6.613170239507268e-29,8.59609593833278e-19,6.29110239560401e-44,0.02371645712964592,-3.523291906919634e-28,-3.523291906919634e-28,6.613170239507268e-29,8.59609593833278e-19,6.29110239560401e-44,0.02371652661731606,0,0,0,0,0,0.128
4,0.004,1,7,0.2163966621749095,0.7886751345948151,0.7886751345948151,600,6385199996.443134,2736514284.189914,2736514284.189914,-6.612381488990394e-08,-6.612381488990394e-08,-2.155036917125871e-26,0.02371645712964593,-1.156482317670201e-18,-1.156482317670201e-18,-8.596095935687512e-19,-8.596095935687512e-19,-2.801547992263632e-37,0.02371645712964593,-1.156482317670201e-18,-1.156482317670201e-18,-8.596095935687512e-19,-8.596095935687512e-19,-2.801547992263632e-37,0.02371652661731606,0,0,0,0,0,0.128
4,0.004,1,8,0.8076033378250906,0.7886751345948151,0.7886751345948151,600,6385199996.443134,2736514284.189914,2736514284.189914,-3.336006684062078e-08,1.322476298228652e-07,2.170143776999925e-26,0.02371645712964593,-1.156482317670201e-18,-1.156482317670201e-18,-4.336808689280702e-19,1.719219187697248e-18,2.821186910099903e-37,0.02371645712964593,-1.156482317670201e-18,-1.156482317670201e-18,-4.336808689280702e-19,1.719219187697248e-18,2.821186910099903e-37,0.02371652661731606,0,0,0,0,0,0.128
5,0.005,1,1,0.2176646113673406,0.211324865405185,0.211324865405185,600,7958115882.893588,3410621092.66868,3410621092.66868,5.057960204690638e-18,-2.060206425347925e-08,7.640319772418881e-33,0.0295587161364619,-1.156482317672235e-18,-1.156482317672235e-18,6.57534826609783e-29,-2.678268352952302e-19,9.932415704144546e-44,0.0295587161364619,-1.156482317672235e-18,-1.156482317672235e-18,6.57534826609783e-29,-2.678268352952302e-19,9.932415704144546e-44,0.02955880224154443,0,0,0,0,0,0.1287500000000001
5,0.005,1,2,0.8123353886326594,0.2113248654051851,0.2113248654051851,600,7958115882.893588,3410621092.66868,3410621092.66868,1.355276352195598e-18,8.24082570355041e-08,3.219282894024792e-33,0.0295587161364619,-1.156482317672235e-18,-1.156482317672235e-18,1.761859257854278e-29,1.071307341461553e-18,4.18506776223223e-44,0.0295587161364619,-1.156482317672235e-18,-1.156482317672235e-18,1.761859257854278e-29,1.071307341461553e-18,4.18506776223223e-44,0.02955880224154443,0,0,0,0,0,0.12875
5,0.005,1,3,0.2176646113673406,0.7886751345948151,0.2113248654051851,600,7958115882.893586,3410621092.66868,3410621092.66868,5.057960204690635e-18,1.887656446656717e-17,4.744540593753647e-33,0.0295587161364619,5.782411583045723e-19,5.782411583045723e-19,6.575348266097826e-29,2.453953380653733e-28,6.167902771879741e-44,0.0295587161364619,5.782411583045723e-19,5.782411583045723e-19,6.575348266097826e-29,2.453953380653733e-28,6.167902771879741e-44,0.02955880224154443,0,0,0,0,0,0.1287500000000001
5,0.005,1,4,0.8123353886326594,0.7886751345948151,0.211324865405185,600,7958115882.893586,3410621092.66868,3410621092.66868,1.355276352195594e-18,4.944495422099509e-07,5.733304038043259e-34,0.0295587161364619,5.782411583045723e-19,5.782411583045723e-19,1.761859257854273e-29,6.427844048729362e-18,7.453295249456237e-45,0.0295587161364619,5.782411583045723e-19,5.782411583045723e-19,1.761859257854273e-29,6.427844048729362e-18,7.453295249456237e-45,0.02955880224154443,0,0,0,0,0,0.12875
5,0.005,1,5,0.2176646113673406,0.211324865405185,0.7886751345948151,600,7958115882.893586,3410621092.66868,3410621092.66868,1.887656446656717e-17,-2.060206425347925e-08,4.669111379457377e-33,0.0295587161364619,-2.891205796838312e-19,-2.891205796838312e-19,2.453953380653733e-28,-2.678268352952302e-19,6.06984479329459e-44,0.0295587161364619,-2.891205796838312e-19,-2.891205796838312e-19,2.453953380653733e-28,-2.678268352952302e-19,6.06984479329459e-44,0.02955880224154443,0,0,0,0,0,0.12875
5,0.005,1,6,0.8123353886326594,0.211324865405185,0.788675134594815,600,7958115882.893586,3410621092.66868,3410621092.66868,5.05796020469064e-18,8.24082570355041e-08,2.424394106460879e-33,0.0295587161364619,-2.891205796838312e-19,-2.891205796838312e-19,6.575348266097833e-29,1.071307341461553e-18,3.151712338399143e-44,0.0295587161364619,-2.891205796838312e-19,-2.891205796838312e-19,6.575348266097833e-29,1.071307341461553e-18,3.151712338399143e-44,0.02955880224154443,0,0,0,0,0,0.12875
5,0.005,1,7,0.2176646113673406,0.7886751345948151,0.7886751345948151,600,7958115882.893588,3410621092.66868,3410621092.66868,-8.240825701527225e-08,-8.240825701527225e-08,-3.584579204879593e-26,0.0295587161364619,-1.445602897001703e-18,-1.445602897001703e-18,-1.071307341198539e-18,-1.071307341198539e-18,-4.659952966343471e-37,0.0295587161364619,-1.445602897001703e-18,-1.445602897001703e-18,-1.071307341198539e-18,-1.071307341198539e-18,-4.659952966343471e-37,0.02955880224154443,0,0,0,0,0,0.12875
5,0.005,1,8,0.8123353886326594,0.7886751345948151,0.7886751345948151,600,7958115882.893588,3410621092.66868,3410621092.66868,-3.336006684064987e-08,1.648165140733556e-07,2.893524740696772e-26,0.0295587161364619,-1.445602897001703e-18,-1.445602897001703e-18,-4.336808689284484e-19,2.142614682953623e-18,3.761582162905803e-37,0.0295587161364619,-1.445602897001703e-18,-1.445602897001703e-18,-4.336808689284484e-19,2.142614682953623e-18,3.761582162905803e-37,0.02955880224154443,0,0,0,0,0,0.12875
6,0.006,1,1,0.2193552102905821,0.211324865405185,0.211324865405185,600,7958043123.559025,3410693852.00325,3410621092.668682,597194854.5020105,-2.060189943762449e-08,8.240792738220748e-11,0.02955824320078723,4.729356746898299e-07,-5.963111948670274e-19,0.007763533108526136,-2.678246926891183e-19,1.071303055968697e-21,0.02955824320078723,4.729356746898299e-07,-5.963111948670274e-19,0.007763533108526136,-2.678246926891183e-19,1.071303055968697e-21,0.02957418077729401,-1.53785357487362e-05,-7.771561172376099e-16,0.007765778968057923,2.10491860705272e-19,-8.336720934257163e-22,0.1287500000000001
6,0.006,1,2,0.8140259875559008,0.2113248654051851,0.2113248654051851,600,7958043123.559025,3410693852.00325,3410621092.668682,597194854.5020108,7.431409828898183e-08,-3.306177824727653e-10,0.02955824320078723,4.729356746898305e-07,-5.963111948670274e-19,0.007763533108526142,9.660832777567638e-19,-4.298031172145949e-21,0.02955824320078723,4.729356746898305e-07,-5.963111948670274e-19,0.007763533108526142,9.660832777567638e-19,-4.298031172145949e-21,0.02957418077729401,-1.537853574873533e-05,-7.771561172376099e-16,0.007765778968057928,2.210164537405355e-18,-8.753556980969997e-21,0.12875
6,0.006,1,3,0.2239740124440991,0.7886751345948151,0.2113248654051851,600,7958043123.559023,3410693852.00325,3410621092.668682,597194854.5020106,6.474799588370086e-08,7.888582785190316e-12,0.02955824320078722,4.729356746902092e-07,-2.168404344971008e-19,0.007763533108526136,8.417239464881113e-19,1.025515762074741e-22,0.02955824320078722,4.729356746902092e-07,-2.168404344971008e-19,0.007763533108526136,8.417239464881113e-19,1.025515762074741e-22,0.02957418077729401,-1.53785357487362e-05,-7.771561172376099e-16,0.007765778968057923,8.419674428210878e-19,-3.334688373702865e-21,0.1287500000000001
6,0.006,1,4,0.8186447897094179,0.7886751345948151,0.211324865405185,600,7958043123.559023,3410693852.00325,3410621092.668682,597194854.5020108,4.944455866294356e-07,-1.977790257678775e-09,0.02955824320078722,4.729356746902098e-07,-2.168404344971008e-19,0.007763533108526142,6.427792626182664e-18,-2.571127334982407e-20,0.02955824320078722,4.729356746902098e-07,-2.168404344971008e-19,0.007763533108526142,6.427792626182664e-18,-2.571127334982407e-20,0.02957418077729401,-1.537853574873533e-05,-7.771561172376099e-16,0.007765778968057928,-1.683934885642176e-18,6.669376747405682e-21,0.12875
6,0.006,1,5,0.2193552102905821,0.211324865405185,0.7886751345948151,600,7958043123.559023,3410693852.00325,3410621092.668682,597194854.5020106,-2.060189943762449e-08,8.240792738220749e-11,0.02955824320078722,4.729356746907154e-07,2.891205793294678e-19,0.007763533108526138,-2.678246926891183e-19,1.071303055968697e-21,0.02955824320078722,4.729356746907154e-07,2.891205793294678e-19,0.007763533108526138,-2.678246926891183e-19,1.071303055968697e-21,0.02957418077729401,-1.537853574873598e-05,-7.771561172376099e-16,0.007765778968057925,2.10491860705272e-19,-8.336720934257163e-22,0.12875
6,0.006,1,6,0.8140259875559008,0.211324865405185,0.788675134594815,600,7958043123.559023,3410693852.00325,3410621092.668682,597194854.5020108,8.64543475136364e-08,-3.291386731863847e-10,0.02955824320078722,4.729356746907159e-07,2.891205793294678e-19,0.007763533108526142,1.123906517677273e-18,-4.278802751423002e-21,0.02955824320078722,4.729356746907159e-07,2.891205793294678e-19,0.007763533108526142,1.123906517677273e-18,-4.278802751423002e-21,0.02957418077729401,-1.537853574873533e-05,-7.771561172376099e-16,0.007765778968057928,2.157541572229038e-18,-8.54513895761358e-21,0.12875
6,0.006,1,7,0.2239740124440991,0.7886751345948151,0.7886751345948151,600,7958043123.559025,3410693852.003249,3410621092.668682,597194854.5020106,1.118363898426201e-07,3.532974581163399e-10,0.02955824320078723,4.729356746882623e-07,-2.168404344971008e-18,0.007763533108526137,1.453873067954062e-18,4.592866955512419e-21,0.02955824320078723,4.729356746882623e-07,-2.168404344971008e-18,0.007763533108526137,1.453873067954062e-18,4.592866955512419e-21,0.02957418077729401,-1.537853574873577e-05,-7.771561172376099e-16,0.007765778968057926,1.683934885642176e-18,-6.66937674740573e-21,0.12875
6,0.006,1,8,0.818644789709418,0.7886751345948151,0.7886751345948151,600,7958043123.559025,3410693852.003249,3410621092.668682,597194854.5020108,2.133761924451355e-07,-6.533469820942238e-10,0.02955824320078723,4.729356746882602e-07,-2.168404344971008e-18,0.007763533108526141,2.773890501786761e-18,-8.49351076722491e-21,0.02955824320078723,4.729356746882602e-07,-2.168404344971008e-18,0.007763533108526141,2.773890501786761e-18,-8.49351076722491e-21,0.02957418077729401,-1.537853574873533e-05,-7.771561172376099e-16,0.007765778968057928,1.473443024936904e-18,-5.835704653980038e-21,0.12875
7,0.007,1,1,0.2210458092138235,0.211324865405185,0.211324865405185,600,7962747868.058433,3405989107.503847,3410621092.668684,1194371180.98925,-2.060140499269724e-08,1.64814536242851e-10,0.02958882404003337,-3.010790357143937e-05,-3.614007241618355e-20,0.01552682535286025,-2.678182649050641e-19,2.142588971157062e-21,0.02958882404003337,-3.010790357143937e-05,-3.614007241618355e-20,0.01552682535286025,-2.678182649050641e-19,2.142588971157062e-21,0.02962031447771404,-6.151223616979802e-05,-1.80768215308834e-37,0.01553107552561129,-8.419412912952046e-19,6.669170008950116e-21,0.1287500000000001
7,0.007,1,2,0.8157165864791425,0.2113248654051851,0.2113248654051851,600,7962747868.058433,3405989107.503847,3410621092.668684,1194371180.98925,6.62188721275926e-08,-5.964830404111402e-10,0.02958882404003337,-3.010790357143941e-05,-3.614007241618355e-20,0.01552682535286026,8.608453376587039e-19,-7.754279525344823e-21,0.02958882404003337,-3.010790357143941e-05,-3.614007241618355e-20,0.01552682535286026,8.608453376587039e-19,-7.754279525344823e-21,0.02962031447771404,-6.151223616979607e-05,-1.909364274199128e-36,0.0155310755256113,2.736309196709414e-18,-2.167480252908504e-20,0.12875
7,0.007,1,3,0.2302834135208576,0.7886751345948151,0.2113248654051851,600,7962747868.058432,3405989107.503847,3410621092.668683,1194371180.98925,1.294939829371382e-07,-5.022008380146814e-10,0.02958882404003337,-3.010790357144035e-05,-1.011922027653137e-18,0.01552682535286025,1.683421778182796e-18,-6.528610894190859e-21,0.02958882404003337,-3.010790357144035e-05,-1.011922027653137e-18,0.01552682535286025,1.683421778182796e-18,-6.528610894190859e-21,0.02962031447771404,-6.151223616979802e-05,-2.892291444941344e-36,0.01553107552561129,3.367765165180818e-18,-2.667668003580046e-20,0.1287500000000001
7,0.007,1,4,0.8249541907861765,0.7886751345948151,0.211324865405185,600,7962747868.058432,3405989107.503847,3410621092.668683,1194371180.98925,4.944337199511787e-07,-3.955548870840005e-09,0.02958882404003337,-3.010790357144038e-05,-1.011922027653137e-18,0.01552682535286026,6.427638359365324e-18,-5.142213532092007e-20,0.02958882404003337,-3.010790357144038e-05,-1.011922027653137e-18,0.01552682535286026,6.427638359365324e-18,-5.142213532092007e-20,0.02962031447771404,-6.151223616979607e-05,-9.388795027590169e-85,0.0155310755256113,3.704759276467744e-44,-7.958453460912735e-44,0.12875
7,0.007,1,5,0.2210458092138235,0.211324865405185,0.7886751345948151,600,7962747868.058432,3405989107.503847,3410621092.668684,1194371180.98925,-2.060140499269724e-08,1.64814536242851e-10,0.02958882404003337,-3.010790357143848e-05,8.673617379884034e-19,0.01552682535286025,-2.678182649050641e-19,2.142588971157063e-21,0.02958882404003337,-3.010790357143848e-05,8.673617379884034e-19,0.01552682535286025,-2.678182649050641e-19,2.142588971157063e-21,0.02962031447771404,-6.151223616979802e-05,2.220446049250312e-16,0.01553107552561129,-8.419412912952038e-19,6.669170008972047e-21,0.12875
7,0.007,1,6,0.8157165864791425,0.211324865405185,0.788675134594815,600,7962747868.058432,3405989107.503847,3410621092.668684,1194371180.98925,9.049899392476676e-08,-6.906456975105785e-10,0.02958882404003337,-3.01079035714385e-05,8.673617379884034e-19,0.01552682535286026,1.176486921021968e-18,-8.978394067637521e-21,0.02958882404003337,-3.01079035714385e-05,8.673617379884034e-19,0.01552682535286026,1.176486921021968e-18,-8.978394067637521e-21,0.02962031447771404,-6.151223616979607e-05,-1.765314602624917e-36,0.0155310755256113,2.631066535297513e-18,-2.084115627796633e-20,0.12875
7,0.007,1,7,0.2302834135208576,0.7886751345948151,0.7886751345948151,600,7962747868.058433,3405989107.503846,3410621092.668683,1194371180.98925,3.060763287826424e-07,-8.473443686087664e-10,0.02958882404003337,-3.010790357144223e-05,-2.891205793294678e-18,0.01552682535286025,3.978992274174352e-18,-1.101547679191396e-20,0.02958882404003337,-3.010790357144223e-05,-2.891205793294678e-18,0.01552682535286025,3.978992274174352e-18,-1.101547679191396e-20,0.02962031447771404,-6.151223616979737e-05,2.220446049250312e-16,0.01553107552561129,1.683882582590408e-18,-1.333834001794414e-20,0.12875
7,0.007,1,8,0.8249541907861765,0.7886751345948151,0.7886751345948151,600,7962747868.058433,3405989107.503846,3410621092.668683,1194371180.98925,2.619317271757947e-07,-1.69516691870473e-09,0.02958882404003337,-3.010790357144226e-05,-2.891205793294678e-18,0.01552682535286026,3.405112453285332e-18,-2.20371699431615e-20,0.02958882404003337,-3.010790357144226e-05,-2.891205793294678e-18,0.01552682535286026,3.405112453285332e-18,-2.20371699431615e-20,0.02962031447771404,-6.151223616979607e-05,-1.016821211111958e-35,0.0155310755256113,6.314559684714032e-18,-5.001877506711916e-20,0.12875
8,0.008,1,1,0.222736408137065,0.211324865405185,0.211324865405185,600,7972229815.290575,3396507160.271711,3410621092.668686,1791490760.482575,-2.060058092660859e-08,2.472185080814627e-10,0.02965045669704228,-9.174056058033366e-05,1.210692425942147e-18,0.02328937988627348,-2.678075520459117e-19,3.213840605059015e-21,0.02965045669704228,-9.174056058033366e-05,1.210692425942147e-18,0.02328937988627348,-2.678075520459117e-19,3.213840605059015e-21,0.02969719762302915,-0.0001383953814849104,6.850003691011467e-87,0.02329540738201378,-3.537239466423274e-44,-2.220074260215507e-44,0.1287500000000001
8,0.008,1,2,0.8174071854023839,0.2113248654051851,0.2113248654051851,600,7972229815.290575,3396507160.271711,3410621092.668686,1791490760.482577,5.812309654673348e-08,-7.975945804959729e-10,0.02965045669704228,-9.174056058033382e-05,1.210692425942147e-18,0.0232893798862735,7.556002551075353e-19,-1.036872954644765e-20,0.02965045669704228,-9.174056058033382e-05,1.210692425942147e-18,0.0232893798862735,7.556002551075353e-19,-1.036872954644765e-20,0.02969719762302915,-0.0001383953814849052,-1.129742979968307e-38,0.02329540738201379,-2.104744274376183e-19,2.50080955446518e-21,0.12875
8,0.008,1,3,0.2365928145976162,0.7886751345948151,0.2113248654051851,600,7972229815.290574,3396507160.271709,3410621092.668684,1791490760.482575,1.942338174691668e-07,-1.530235616937852e-09,0.02965045669704228,-9.174056058033736e-05,-2.457524924300477e-18,0.02328937988627348,2.525039627099169e-18,-1.989306302019208e-20,0.02965045669704228,-9.174056058033736e-05,-2.457524924300477e-18,0.02328937988627348,2.525039627099169e-18,-1.989306302019208e-20,0.02969719762302915,-0.0001383953814849104,-2.89214202871925e-36,0.02329540738201378,3.367590839001893e-18,-4.001295287144597e-20,0.1287500000000001
8,0.008,1,4,0.831263591862935,0.7886751345948151,0.211324865405185,600,7972229815.290574,3396507160.271709,3410621092.668684,1791490760.482577,4.944139423650463e-07,-5.933244195472459e-09,0.02965045669704228,-9.174056058033748e-05,-2.457524924300477e-18,0.0232893798862735,6.427381250745601e-18,-7.713217454114197e-20,0.02965045669704228,-9.174056058033748e-05,-2.457524924300477e-18,0.0232893798862735,6.427381250745601e-18,-7.713217454114197e-20,0.02969719762302915,-0.0001383953814849052,-7.230355071797163e-37,0.02329540738201379,1.683795419500946e-18,-2.000647643572144e-20,0.12875
8,0.008,1,5,0.222736408137065,0.211324865405185,0.7886751345948151,600,7972229815.290573,3396507160.271711,3410621092.668685,1791490760.482576,-2.060058092660859e-08,2.472185080814628e-10,0.02965045669704227,-9.17405605803328e-05,2.096124200138641e-18,0.02328937988627348,-2.678075520459117e-19,3.213840605059016e-21,0.02965045669704227,-9.17405605803328e-05,2.096124200138641e-18,0.02328937988627348,-2.678075520459117e-19,3.213840605059016e-21,0.02969719762302915,-0.0001383953814849104,-1.102409314739517e-85,0.02329540738201378,-2.271739347952266e-44,3.753690829340853e-44,0.12875
8,0.008,1,6,0.8174071854023838,0.211324865405185,0.788675134594815,600,7972229815.290573,3396507160.271711,3410621092.668685,1791490760.482577,9.454193731866315e-08,-1.084513758629349e-09,0.02965045669704227,-9.174056058033293e-05,2.096124200138641e-18,0.0232893798862735,1.229045185142621e-18,-1.409867886218154e-20,0.02965045669704227,-9.174056058033293e-05,2.096124200138641e-18,0.0232893798862735,1.229045185142621e-18,-1.409867886218154e-20,0.02969719762302915,-0.0001383953814849052,-2.541921704928664e-36,0.02329540738201379,3.157116411564274e-18,-3.75121433169774e-20,0.12875
8,0.008,1,7,0.2365928145976161,0.7886751345948151,0.7886751345948151,600,7972229815.290575,3396507160.27171,3410621092.668684,1791490760.482576,4.355562493680201e-07,-3.091767881131213e-09,0.02965045669704229,-9.174056058033939e-05,-4.481368979606751e-18,0.02328937988627348,5.662231241784261e-18,-4.019298245470578e-20,0.02965045669704229,-9.174056058033939e-05,-4.481368979606751e-18,0.02328937988627348,5.662231241784261e-18,-4.019298245470578e-20,0.02969719762302915,-0.0001383953814849104,-7.230355071798125e-37,0.02329540738201378,1.683795419500947e-18,-2.000647643572298e-20,0.12875
8,0.008,1,8,0.831263591862935,0.7886751345948151,0.7886751345948151,600,7972229815.290575,3396507160.27171,3410621092.668684,1791490760.482577,2.457371312710406e-07,-2.615359841070763e-09,0.02965045669704229,-9.174056058033949e-05,-4.481368979606751e-18,0.0232893798862735,3.194582706523528e-18,-3.399967793391992e-20,0.02965045669704229,-9.174056058033949e-05,-4.481368979606751e-18,0.0232893798862735,3.194582706523528e-18,-3.399967793391992e-20,0.02969719762302915,-0.0001383953814849052,-1.46414690203892e-35,0.02329540738201379,7.577079387754259e-18,-9.002914396074615e-20,0.12875
9,0.009000000000000001,1,1,0.2244270070603065,0.211324865405185,0.211324865405185,600,7986488358.415681,3382248617.14661,3410621092.668687,2388515377.634623,-2.059942725254355e-08,3.29618524439767e-10,0.02974313722735546,-0.0001844210908935021,1.210692425942147e-18,0.03105069990925009,-2.677925542830662e-19,4.285040817716971e-21,0.02974313722735546,-0.0001844210908935021,1.210692425942147e-18,0.03105069990925009,-2.677925542830662e-19,4.285040817716971e-21,0.0298048206826471,-0.0002460184411026186,-1.499812878789499e-85,0.03105829248627327,-2.373053538099625e-45,6.949711720320832e-44,0.1287500000000001
9,0.009000000000000001,1,2,0.8190977843256253,0.2113248654051851,0.2113248654051851,600,7986488358.415681,3382248617.14661,3410621092.668687,2388515377.634624,5.002728951367742e-08,-9.339553531065958e-10,0.02974313722735546,-0.0001844210908935023,1.210692425942147e-18,0.03105069990925011,6.503547636778065e-19,-1.214141959038575e-20,0.02974313722735546,-0.0001844210908935023,1.210692425942147e-18,0.03105069990925011,6.503547636778065e-19,-1.214141959038575e-20,0.02980482068264709,-0.0002460184411026117,-4.066780608481615e-37,0.03105829248627328,-1.262755057024039e-18,2.000502962362197e-20,0.12875
9,0.009000000000000001,1,3,0.2429022156743747,0.7886751345948151,0.2113248654051851,600,7986488358.41568,3382248617.146608,3410621092.668686,2388515377.634623,2.589633561635233e-07,-3.076149960284825e-09,0.02974313722735546,-0.0001844210908935058,-2.457524924300477e-18,0.03105069990925009,3.366523630125804e-18,-3.998994948370273e-20,0.02974313722735546,-0.0001844210908935058,-2.457524924300477e-18,0.03105069990925009,3.366523630125804e-18,-3.998994948370273e-20,0.0298048206826471,-0.0002460184411026186,-1.156773150856994e-35,0.03105829248627327,6.73469363746154e-18,-1.066934913259852e-19,0.1287500000000001
9,0.009000000000000001,1,4,0.8375729929396936,0.7886751345948151,0.211324865405185,600,7986488358.41568,3382248617.146608,3410621092.668686,2388515377.634624,4.943862541874782e-07,-7.910844588577508e-09,0.02974313722735546,-0.000184421090893506,-2.457524924300477e-18,0.03105069990925011,6.427021304437217e-18,-1.028409796515076e-19,0.02974313722735546,-0.000184421090893506,-2.457524924300477e-18,0.03105069990925011,6.427021304437217e-18,-1.028409796515076e-19,0.02980482068264709,-0.0002460184411026117,-1.15677315085699e-35,0.03105829248627328,6.734693637461539e-18,-1.066934913259837e-19,0.12875
9,0.009000000000000001,1,5,0.2244270070603065,0.211324865405185,0.7886751345948151,600,7986488358.415679,3382248617.14661,3410621092.668687,2388515377.634623,-2.059942725254355e-08,3.296185244397671e-10,0.02974313722735545,-0.0001844210908935013,2.096124200138641e-18,0.0310506999092501,-2.677925542830662e-19,4.285040817716972e-21,0.02974313722735545,-0.0001844210908935013,2.096124200138641e-18,0.0310506999092501,-2.677925542830662e-19,4.285040817716972e-21,0.0298048206826471,-0.000246018441102616,-5.239563652715694e-86,0.03105829248627328,1.921079040659166e-44,5.302740593343701e-44,0.12875
9,0.009000000000000001,1,6,0.8190977843256253,0.211324865405185,0.788675134594815,600,7986488358.415679,3382248617.14661,3410621092.668687,2388515377.634624,8.239861542163291e-08,-1.318484864844643e-09,0.02974313722735545,-0.0001844210908935015,2.096124200138641e-18,0.03105069990925011,1.071182000481228e-18,-1.714030324298036e-20,0.02974313722735545,-0.0001844210908935015,2.096124200138641e-18,0.03105069990925011,1.071182000481228e-18,-1.714030324298036e-20,0.02980482068264709,-0.0002460184411026117,-5.535340272655572e-37,0.03105829248627328,-1.473214233194712e-18,2.333920122755894e-20,0.12875
9,0.009000000000000001,1,7,0.2429022156743746,0.7886751345948151,0.7886751345948151,600,7986488358.415681,3382248617.146609,3410621092.668686,2388515377.634623,6.297520383399011e-07,-7.140944444791835e-09,0.02974313722735547,-0.0001844210908935079,-4.481368979606751e-18,0.0310506999092501,8.186776498418715e-18,-9.283227778229386e-20,0.02974313722735547,-0.0001844210908935079,-4.481368979606751e-18,0.0310506999092501,8.186776498418715e-18,-9.283227778229386e-20,0.0298048206826471,-0.0002460184411026134,-2.60273958942849e-35,0.03105829248627329,1.010204045619232e-17,-1.600402369889834e-19,0.12875
9,0.009000000000000001,1,8,0.8375729929396936,0.7886751345948151,0.7886751345948151,600,7986488358.415681,3382248617.146609,3410621092.668686,2388515377.634624,2.94277614091834e-07,-4.175029328857707e-09,0.02974313722735547,-0.000184421090893508,-4.481368979606751e-18,0.03105069990925011,3.825608983193842e-18,-5.42753812751502e-20,0.02974313722735547,-0.000184421090893508,-4.481368979606751e-18,0.03105069990925011,3.825608983193842e-18,-5.42753812751502e-20,0.0298048206826471,-0.0002460184411026125,-8.856544436249129e-36,0.03105829248627329,5.892856932778849e-18,-9.335680491023732e-20,0.12875
10,0.01,1,1,0.226117605983548,0.211324865405185,0.211324865405185,600,8005522584.894293,3363214390.668004,3410621092.668689,2985406823.175569,-2.059794398896083e-08,4.120132669227759e-10,0.02986685969946643,-0.0003081435630044551,1.77086354839299e-18,0.03881028870128239,-2.677732718564908e-19,5.356172469996087e-21,0.02986685969946643,-0.0003081435630044551,1.77086354839299e-18,0.03881028870128239,-2.677732718564908e-19,5.356172469996087e-21,0.02994317031870491,-0.0003843680771606723,-1.807290013354489e-37,0.03881924914670801,-8.417582851823358e-19,1.666930817166392e-20,0.1287500000000001
10,0.01,1,2,0.8207883832488667,0.2113248654051851,0.2113248654051851,600,8005522584.894293,3363214390.668003,3410621092.668689,2985406823.17557,4.193196893442616e-08,-1.005572451878864e-09,0.02986685969946643,-0.0003081435630044555,1.77086354839299e-18,0.03881028870128242,5.451155961475401e-19,-1.307244187442523e-20,0.02986685969946643,-0.0003081435630044555,1.77086354839299e-18,0.03881028870128242,5.451155961475401e-19,-1.307244187442523e-20,0.02994317031870493,-0.0003843680771606654,-1.807290013354449e-37,0.03881924914670802,-8.417582851823359e-19,1.666930817166358e-20,0.12875
10,0.01,1,3,0.2492116167511332,0.7886751345948151,0.2113248654051851,600,8005522584.894292,3363214390.668002,3410621092.668687,2985406823.175569,3.236784563628726e-07,-5.139844930329134e-09,0.02986685969946643,-0.0003081435630044601,-3.252606517456513e-18,0.03881028870128239,4.207819932717344e-18,-6.681798409427875e-20,0.02986685969946643,-0.0003081435630044601,-3.252606517456513e-18,0.03881028870128239,4.207819932717344e-18,-6.681798409427875e-20,0.02994317031870491,-0.0003843680771606723,-1.156665608546873e-35,0.03881924914670801,6.734066281458686e-18,-1.333544653733114e-19,0.1287500000000001
10,0.01,1,4,0.843882394016452,0.7886751345948151,0.211324865405185,600,8005522584.894292,3363214390.668002,3410621092.668687,2985406823.17557,4.943506558614838e-07,-9.888318408675435e-09,0.02986685969946643,-0.0003081435630044605,-3.252606517456513e-18,0.03881028870128242,6.42655852619929e-18,-1.285481393127807e-19,0.02986685969946643,-0.0003081435630044605,-3.252606517456513e-18,0.03881028870128242,6.42655852619929e-18,-1.285481393127807e-19,0.02994317031870493,-0.0003843680771606654,-6.506244048076011e-36,0.03881924914670802,5.050549711094016e-18,-1.000158490299814e-19,0.12875
10,0.01,1,5,0.226117605983548,0.211324865405185,0.7886751345948151,600,8005522584.894291,3363214390.668003,3410621092.668689,2985406823.175569,-2.059794398896083e-08,4.120132669227759e-10,0.02986685969946642,-0.0003081435630044542,2.674365358797577e-18,0.0388102887012824,-2.677732718564908e-19,5.356172469996088e-21,0.02986685969946642,-0.0003081435630044542,2.674365358797577e-18,0.0388102887012824,-2.677732718564908e-19,5.356172469996088e-21,0.02994317031870491,-0.0003843680771606723,-1.807290013354489e-37,0.03881924914670801,-8.417582851823358e-19,1.666930817166392e-20,0.12875
10,0.01,1,6,0.8207883832488668,0.211324865405185,0.788675134594815,600,8005522584.894291,3363214390.668003,3410621092.668689,2985406823.17557,8.643827459501603e-08,-1.712309353939911e-09,0.02986685969946642,-0.0003081435630044546,2.674365358797577e-18,0.03881028870128242,1.123697569735208e-18,-2.226002160121884e-20,0.02986685969946642,-0.0003081435630044546,2.674365358797577e-18,0.03881028870128242,1.123697569735208e-18,-2.226002160121884e-20,0.02994317031870493,-0.0003843680771606628,-2.823890645866362e-37,0.03881924914670803,-1.05219785647792e-18,2.083663521457959e-20,0.12875
10,0.01,1,7,0.2492116167511332,0.7886751345948151,0.7886751345948151,600,8005522584.894293,3363214390.668002,3410621092.668687,2985406823.17557,8.239068660258261e-07,-1.274349628849784e-08,0.02986685969946644,-0.0003081435630044622,-5.204170427930421e-18,0.03881028870128241,1.071078925833574e-17,-1.656654517504719e-19,0.02986685969946644,-0.0003081435630044622,-5.204170427930421e-18,0.03881028870128241,1.071078925833574e-17,-1.656654517504719e-19,0.02994317031870493,-0.0003843680771606715,-2.602497619230456e-35,0.03881924914670801,1.010109942218803e-17,-2.000316980599666e-19,0.12875
10,0.01,1,8,0.8438823940164522,0.7886751345948151,0.7886751345948151,600,8005522584.894293,3363214390.668002,3410621092.668687,2985406823.17557,3.428056671662239e-07,-6.123004400117462e-09,0.02986685969946644,-0.0003081435630044624,-5.204170427930421e-18,0.03881028870128242,4.456473673160911e-18,-7.959905720152701e-20,0.02986685969946644,-0.0003081435630044624,-5.204170427930421e-18,0.03881028870128242,4.456473673160911e-18,-7.959905720152701e-20,0.02994317031870493,-0.0003843680771606628,-4.51822503338618e-36,0.03881924914670803,4.20879142591168e-18,-8.334654085831835e-20,0.12875
11,0.011,1,1,0.2027894466478469,0.2338029315524309,0.211324865405185,600,7334098818.420486,4034638157.141769,3410621092.668675,3402763594.28288,-1.845406058986014e-08,-1.015343817865964e-07,0.02550260521738677,0.004056110919075101,-6.035392092832346e-18,0.04423592672567744,-2.399027876681818e-19,-1.319946963225753e-18,0.02550260521738677,0.004056110919075101,-6.035392092832346e-18,0.04423592672567744,-2.399027876681818e-19,-1.319946963225753e-18,0.02557631771662733,0.003982484524916918,-2.872144063259278e-35,0.04427640520136519,2.85189844957724e-20,-1.296080630413175e-18,0.1287500000000001
11,0.011,1,2,0.7942025551738762,0.2959629540501557,0.2113248654051851,600,7334098818.420485,4034638157.141771,3410621092.668673,3402763594.282876,9.218069909758173e-08,7.030333967510154e-07,0.02550260521738676,0.004056110919075122,-1.703326787998218e-17,0.04423592672567739,1.198349088268563e-18,9.139434157763201e-18,0.02550260521738676,0.004056110919075122,-1.703326787998218e-17,0.04423592672567739,1.198349088268563e-18,9.139434157763201e-18,0.0255763177166273,0.003982484524916959,-9.746351979507893e-34,0.04427640520136523,1.490641648189907e-18,9.068291199981587e-18,0.12875
11,0.011,1,3,0.165407409602523,0.8104043970145068,0.2113248654051851,600,7334098818.420479,4034638157.141769,3410621092.668677,3402763594.282883,-7.172140366902799e-07,7.744273612180243e-08,0.02550260521738673,0.004056110919075116,1.011922027720167e-17,0.04423592672567749,-9.32378247697364e-18,1.006755569583432e-18,0.02550260521738673,0.004056110919075116,1.011922027720167e-17,0.04423592672567749,-9.32378247697364e-18,1.006755569583432e-18,0.02557631771662733,0.003982484524916923,-2.132265663192215e-34,0.04427640520136519,-6.77119863231685e-18,4.761214082474109e-19,0.1287500000000001
11,0.011,1,4,0.7568205181285522,0.8725644195122317,0.211324865405185,600,7334098818.420474,4034638157.141775,3410621092.668675,3402763594.282875,4.753918884684049e-07,8.734317866242067e-07,0.0255026052173867,0.004056110919075151,1.436567879213593e-18,0.04423592672567737,6.180094550089264e-18,1.135461322611469e-17,0.0255026052173867,0.004056110919075151,1.436567879213593e-18,0.04423592672567737,6.180094550089264e-18,1.135461322611469e-17,0.02557631771662729,0.003982484524916965,-1.467163685014367e-33,0.04427640520136523,1.453359017416798e-18,1.07626466074488e-17,0.1287500000000001
11,0.011,1,5,0.2027894466478468,0.2338029315524309,0.7886751345948151,600,7334098818.420485,4034638157.141768,3410621092.668675,3402763594.282878,-1.845406058986014e-08,-1.015343817865964e-07,0.02550260521738677,0.004056110919075102,-5.890831803167612e-18,0.04423592672567742,-2.399027876681818e-19,-1.319946963225753e-18,0.02550260521738677,0.004056110919075102,-5.890831803167612e-18,0.04423592672567742,-2.399027876681818e-19,-1.319946963225753e-18,0.02557631771662733,0.003982484524916918,-2.872144063259278e-35,0.04427640520136519,2.85189844957724e-20,-1.296080630413175e-18,0.1287500000000001
11,0.011,1,6,0.7942025551738762,0.2959629540501557,0.788675134594815,600,7334098818.420483,4034638157.14177,3410621092.668673,3402763594.282876,2.014523960409257e-07,7.060166369171568e-07,0.02550260521738675,0.004056110919075118,-1.40042780606008e-17,0.04423592672567739,2.618881148532034e-18,9.178216279923039e-18,0.02550260521738675,0.004056110919075118,-1.40042780606008e-17,0.04423592672567739,2.618881148532034e-18,9.178216279923039e-18,0.0255763177166273,0.003982484524916962,-8.68389219258903e-34,0.04427640520136523,1.913247417199384e-18,9.06553529176639e-18,0.12875
11,0.011,1,7,0.1654074096025229,0.8104043970145068,0.7886751345948151,600,7334098818.420478,4034638157.14177,3410621092.668676,3402763594.282882,-2.187582898684993e-07,1.138529230920732e-07,0.02550260521738672,0.004056110919075119,1.033606071169877e-17,0.04423592672567747,-2.843857768290491e-18,1.480088000196952e-18,0.02550260521738672,0.004056110919075119,1.033606071169877e-17,0.04423592672567747,-2.843857768290491e-18,1.480088000196952e-18,0.02557631771662732,0.003982484524916931,-1.907664545463942e-34,0.0442764052013652,-6.768822050275534e-18,3.681146890463111e-19,0.12875
11,0.011,1,8,0.7568205181285522,0.8725644195122317,0.7886751345948151,600,7334098818.420474,4034638157.141776,3410621092.668675,3402763594.282878,6.061054654292748e-07,-2.048876347840316e-07,0.0255026052173867,0.004056110919075154,9.938519921153461e-19,0.04423592672567742,7.879371050580573e-18,-2.663539252192411e-18,0.0255026052173867,0.004056110919075154,9.938519921153461e-19,0.04423592672567742,7.879371050580573e-18,-2.663539252192411e-18,0.0255763177166273,0.003982484524916973,-8.881084716646885e-34,0.04427640520136525,6.829424892329055e-18,-3.122286028674321e-18,0.12875
12,0.012,1,1,0.177239483698252,0.2537194038551795,0.211324865405185,600,6590573920.213337,4778163055.34894,3410621092.668684,3671403268.048713,-6.223955027512159e-09,-1.691190378038582e-07,0.02066969337904026,0.008889022757421669,3.216466445710625e-18,0.04772824248463328,-8.091141535765807e-20,-2.198547491450157e-18,0.02066969337904026,0.008889022757421669,3.216466445710625e-18,0.04772824248463328,-8.091141535765807e-20,-2.198547491450157e-18,0.0207375880499568,0.008821214191587448,-2.367544948775994e-34,0.04779846988695835,3.429444359188571e-18,-1.371947498926507e-18,0.1287500000000001
12,0.012,1,2,0.758915277706831,0.3773584106363231,0.2113248654051851,600,6590573920.213336,4778163055.348945,3410621092.668683,3671403268.048711,1.001239066450358e-07,-2.113211112090888e-08,0.02066969337904024,0.008889022757421696,-9.407712600167467e-18,0.04772824248463324,1.301610786385465e-18,-2.747174445718153e-19,0.02066969337904024,0.008889022757421696,-9.407712600167467e-18,0.04772824248463324,1.301610786385465e-18,-2.747174445718153e-19,0.02073758804995675,0.008821214191587512,-1.819013136795385e-33,0.04779846988695838,3.848082287747739e-18,1.666538905607668e-17,0.12875
12,0.012,1,3,0.07979096426058169,0.823254699272485,0.2113248654051851,600,6590573920.213337,4778163055.34894,3410621092.668683,3671403268.048718,-1.767081578407576e-06,9.416275934109833e-08,0.02066969337904025,0.00888902275742167,-2.529805068462543e-18,0.04772824248463334,-2.297206051929849e-17,1.224115871434278e-18,0.02066969337904025,0.00888902275742167,-2.529805068462543e-18,0.04772824248463334,-2.297206051929849e-17,1.224115871434278e-18,0.02073758804995681,0.008821214191587452,-6.415756101017904e-33,0.04779846988695835,-4.070178098641551e-17,-2.454389800211303e-18,0.1287500000000001
12,0.012,1,4,0.6614667582691607,0.9468937060536287,0.211324865405185,600,6590573920.21333,4778163055.348946,3410621092.66868,3671403268.048712,3.875522770996408e-07,6.534914299003121e-07,0.02066969337904022,0.008889022757421714,-1.450120405632332e-17,0.04772824248463325,5.038179602295331e-18,8.495388588704057e-18,0.02066969337904022,0.008889022757421714,-1.450120405632332e-17,0.04772824248463325,5.038179602295331e-18,8.495388588704057e-18,0.02073758804995673,0.008821214191587505,-2.901992788293023e-32,0.04779846988695836,-1.102723524386117e-17,3.507217669422755e-17,0.12875
12,0.012,1,5,0.177239483698252,0.2537194038551795,0.7886751345948151,600,6590573920.213338,4778163055.348941,3410621092.668684,3671403268.048711,-6.223955027512159e-09,-1.691190378038582e-07,0.02066969337904026,0.008889022757421669,4.228388473363762e-18,0.04772824248463325,-8.091141535765807e-20,-2.198547491450157e-18,0.02066969337904026,0.008889022757421669,4.228388473363762e-18,0.04772824248463325,-8.091141535765807e-20,-2.198547491450157e-18,0.02073758804995681,0.008821214191587439,-2.367544948775996e-34,0.04779846988695835,3.429444359188572e-18,-1.371947498926508e-18,0.12875
12,0.012,1,6,0.758915277706831,0.3773584106363231,0.788675134594815,600,6590573920.213334,4778163055.348943,3410621092.668683,3671403268.048712,2.082956958652912e-07,1.533276277334905e-09,0.02066969337904024,0.008889022757421688,-3.089976190913393e-18,0.04772824248463325,2.707844046248785e-18,1.993259160535376e-20,0.02066969337904024,0.008889022757421688,-3.089976190913393e-18,0.04772824248463325,2.707844046248785e-18,1.993259160535376e-20,0.02073758804995675,0.008821214191587514,-1.057495960411049e-33,0.04779846988695839,5.544845039688998e-18,1.673182620724586e-17,0.12875
12,0.012,1,7,0.07979096426058169,0.8232546992724851,0.7886751345948151,600,6590573920.213337,4778163055.34894,3410621092.668683,3671403268.048715,-1.275162325212461e-06,1.824763007196965e-07,0.02066969337904026,0.008889022757421669,-3.252606516786214e-18,0.0477282424846333,-1.6577110227762e-17,2.372191909356054e-18,0.02066969337904026,0.008889022757421669,-3.252606516786214e-18,0.0477282424846333,-1.6577110227762e-17,2.372191909356054e-18,0.02073758804995681,0.008821214191587452,-6.809731850783914e-34,0.04779846988695835,-2.706610379036076e-17,-4.502587107311978e-18,0.12875
12,0.012,1,8,0.6614667582691607,0.9468937060536288,0.7886751345948151,600,6590573920.213333,4778163055.348946,3410621092.66868,3671403268.048715,6.052545034961564e-07,6.87238751370264e-07,0.02066969337904023,0.00888902275742171,-2.119615247142131e-17,0.0477282424846333,7.868308545450034e-18,8.93410376781343e-18,0.02066969337904023,0.00888902275742171,-2.119615247142131e-17,0.0477282424846333,7.868308545450034e-18,8.93410376781343e-18,0.02073758804995674,0.008821214191587514,9.897873766908545e-34,0.04779846988695838,1.001124476520486e-17,7.492782827263513e-18,0.12875
13,0.013,1,1,0.1497476478755127,0.2708560732750921,0.211324865405185,600,5807443496.152752,5561293479.409468,3410621092.668665,3779585001.65332,1.543868774186463e-08,-3.335322940107244e-07,0.01557934562264656,0.01397937051381522,-7.480994989479685e-18,0.04913460502149317,2.007029406442402e-19,-4.335919822139417e-18,0.01557934562264656,0.01397937051381522,-7.480994989479685e-18,0.04913460502149317,2.007029406442402e-19,-4.335919822139417e-18,0.01563845702392807,0.01392034521761618,-7.947739949404195e-36,0.04923151207598549,2.114042039942972e-20,-8.555189536785922e-19,0.12875
13,0.013,1,2,0.7153131656439982,0.4546194495082348,0.2113248654051851,600,5807443496.152753,5561293479.40947,3410621092.668663,3779585001.653313,2.436471822041757e-07,-4.585779757955997e-07,0.01557934562264657,0.01397937051381523,-2.15869170044213e-17,0.04913460502149307,3.167413368654284e-18,-5.961513685342796e-18,0.01557934562264657,0.01397937051381523,-2.15869170044213e-17,0.04913460502149307,3.167413368654284e-18,-5.961513685342796e-18,0.01563845702392808,0.01392034521761616,-1.62432071187496e-34,0.04923151207598547,3.151918387824336e-18,1.060942523938471e-17,0.12875
13,0.013,1,3,-0.00669968758313122,0.8270852507681126,0.2113248654051851,600,5807443496.152747,5561293479.409469,3410621092.668664,3779585001.653322,-2.8136490814985e-06,-1.958804392809047e-07,0.01557934562264654,0.01397937051381523,-7.011174048069294e-18,0.04913460502149319,-3.65774380594805e-17,-2.546445710651761e-18,0.01557934562264654,0.01397937051381523,-7.011174048069294e-18,0.04913460502149319,-3.65774380594805e-17,-2.546445710651761e-18,0.01563845702392788,0.01392034521761616,-7.285648373921231e-33,0.04923151207598572,-2.732938914253768e-17,6.764934527817031e-19,0.12875
13,0.013,1,4,0.5588658301853542,1.010848627001255,0.211324865405185,600,5807443496.152743,5561293479.409471,3410621092.668662,3779585001.653311,3.18147371951179e-08,1.652352283824086e-06,0.01557934562264652,0.01397937051381525,-1.279358563465865e-17,0.04913460502149305,4.135915835365328e-19,2.148057968971312e-17,0.01557934562264652,0.01397937051381525,-1.279358563465865e-17,0.04913460502149305,4.135915835365328e-19,2.148057968971312e-17,0.01563845702392782,0.01392034521761611,-7.637778091377271e-33,0.0492315120759854,-6.553530323822597e-19,2.652108756403646e-17,0.12875
13,0.013,1,5,0.1497476478755127,0.2708560732750921,0.7886751345948151,600,5807443496.152753,5561293479.409469,3410621092.668664,3779585001.653317,1.543868774186463e-08,-3.335322940107244e-07,0.01557934562264657,0.01397937051381522,-9.071158175791758e-18,0.04913460502149313,2.007029406442402e-19,-4.335919822139417e-18,0.01557934562264657,0.01397937051381522,-9.071158175791758e-18,0.04913460502149313,2.007029406442402e-19,-4.335919822139417e-18,0.015638457023928,0.01392034521761626,-7.947739949404195e-36,0.0492315120759855,2.114042039942938e-20,-8.555189536785947e-19,0.12875
13,0.013,1,6,0.7153131656439982,0.4546194495082347,0.788675134594815,600,5807443496.152751,5561293479.409468,3410621092.668663,3779585001.653315,4.144550736600599e-07,-4.264131120346214e-07,0.01557934562264656,0.01397937051381522,-1.234183472945636e-17,0.0491346050214931,5.387915957580779e-18,-5.543370456450079e-18,0.01557934562264656,0.01397937051381522,-1.234183472945636e-17,0.0491346050214931,5.387915957580779e-18,-5.543370456450079e-18,0.015638457023928,0.01392034521761626,2.77517493005946e-34,0.0492315120759855,4.854720104133093e-18,1.078102413700551e-17,0.12875
13,0.013,1,7,-0.00669968758313122,0.8270852507681126,0.7886751345948151,600,5807443496.152749,5561293479.409469,3410621092.668664,3779585001.653319,-1.28409018454025e-06,-8.356538384908265e-08,0.01557934562264655,0.01397937051381523,-9.613259262034507e-18,0.04913460502149315,-1.669317239902325e-17,-1.086349990038075e-18,0.01557934562264655,0.01397937051381523,-9.613259262034507e-18,0.04913460502149315,-1.669317239902325e-17,-1.086349990038075e-18,0.01563845702392782,0.01392034521761611,-1.195889317352806e-32,0.0492315120759854,-5.440509324028199e-17,-8.913240538579775e-18,0.12875
13,0.013,1,8,0.5588658301853542,1.010848627001255,0.7886751345948151,600,5807443496.152746,5561293479.409472,3410621092.668662,3779585001.653317,7.672091897015407e-07,1.794017160275698e-06,0.01557934562264653,0.01397937051381525,-1.873862754712084e-17,0.04913460502149313,9.97371946612003e-18,2.332222308358408e-17,0.01557934562264653,0.01397937051381525,-1.873862754712084e-17,0.04913460502149313,9.97371946612003e-18,2.332222308358408e-17,0.01563845702392782,0.01392034521761611,-2.484447106602762e-33,0.0492315120759854,6.155853832852702e-18,2.720748315451963e-17,0.12875
14,0.014,1,1,0.1206151454859394,0.2850251868759255,0.211324865405185,600,5018934103.646962,6349802871.915294,3410621092.668675,3722580734.224628,5.021773113811434e-08,-3.300913869015475e-07,0.01045403457135886,0.01910468156510301,-9.50483904478596e-18,0.04839354954492017,6.528305047954864e-19,-4.291188029720118e-18,0.01045403457135886,0.01910468156510301,-9.50483904478596e-18,0.04839354954492017,6.528305047954864e-19,-4.291188029720118e-18,0.01050178113272379,0.01905702110882045,3.175991181682503e-34,0.04851290094828684,-6.74264792979282e-18,-4.93999020383358e-18,0.1287500000000001
14,0.014,1,2,0.6638739328494665,0.5268995825560983,0.2113248654051851,600,5018934103.646963,6349802871.915296,3410621092.668672,3722580734.224619,6.274220727590559e-07,-7.502641573002672e-07,0.01045403457135887,0.01910468156510303,-2.975457337047876e-17,0.04839354954492005,8.156486945867727e-18,-9.753434044903474e-18,0.01045403457135887,0.01910468156510303,-2.975457337047876e-17,0.04839354954492005,8.156486945867727e-18,-9.753434044903474e-18,0.01050178113272383,0.01905702110882065,-2.220446049250314e-16,0.04851290094828659,1.113473219235604e-17,-3.429428175578007e-17,0.12875
14,0.014,1,3,-0.09311693624768358,0.8218540831776089,0.2113248654051851,600,5018934103.646956,6349802871.915297,3410621092.668675,3722580734.224627,-3.826509169068535e-06,-7.242213838706973e-07,0.01045403457135882,0.01910468156510304,-3.252606516786212e-18,0.04839354954492016,-4.974461919789095e-17,-9.414877990319066e-18,0.01045403457135882,0.01910468156510304,-3.252606516786212e-18,0.04839354954492016,-4.974461919789095e-17,-9.414877990319066e-18,0.01050178113272388,0.01905702110882047,-1.397184887998951e-33,0.04851290094828673,3.333094849525402e-19,-1.361771985682632e-17,0.1287500000000001
14,0.014,1,4,0.4501418511158433,1.063728478857782,0.211324865405185,600,5018934103.646955,6349802871.915297,3410621092.668671,3722580734.224615,-1.48505744091421e-06,2.728691608902342e-06,0.01045403457135882,0.01910468156510305,-1.917230841611504e-17,0.04839354954491999,-1.930574673188474e-17,3.547299091573045e-17,0.01045403457135882,0.01910468156510305,-1.917230841611504e-17,0.04839354954491999,-1.930574673188474e-17,3.547299091573045e-17,0.01050178113272395,0.01905702110882064,-7.018670900489508e-32,0.0485129009482865,-3.529645970248868e-17,3.998421830075706e-17,0.12875
14,0.014,1,5,0.1206151454859394,0.2850251868759255,0.7886751345948151,600,5018934103.646963,6349802871.915295,3410621092.668674,3722580734.224623,5.021773113811434e-08,-3.300913869015475e-07,0.01045403457135887,0.01910468156510302,-1.427532860372218e-17,0.0483935495449201,6.528305047954864e-19,-4.291188029720118e-18,0.01045403457135887,0.01910468156510302,-1.427532860372218e-17,0.0483935495449201,6.528305047954864e-19,-4.291188029720118e-18,0.01050178113272379,0.01905702110882047,3.175991181682503e-34,0.04851290094828685,-6.74264792979283e-18,-4.939990203833583e-18,0.12875
14,0.014,1,6,0.6638739328494663,0.5268995825560983,0.788675134594815,600,5018934103.646961,6349802871.915293,3410621092.668673,3722580734.224622,1.191933462495545e-06,-8.087808683235291e-07,0.01045403457135886,0.01910468156510301,-1.552216110208051e-17,0.04839354954492008,1.549513501244208e-17,-1.051415128820588e-17,0.01045403457135886,0.01910468156510301,-1.552216110208051e-17,0.04839354954492008,1.549513501244208e-17,-1.051415128820588e-17,0.01050178113272386,0.0190570211088204,-2.583671543094811e-32,0.04851290094828688,1.455813576427673e-17,-3.395205538149243e-17,0.12875
14,0.014,1,7,-0.09311693624768358,0.8218540831776089,0.7886751345948151,600,5018934103.646958,6349802871.915296,3410621092.668674,3722580734.224626,-1.795842231605782e-06,-2.03918701018194e-07,0.01045403457135884,0.01910468156510303,-1.366094737264706e-17,0.04839354954492014,-2.334594901087517e-17,-2.650943113236522e-18,0.01045403457135884,0.01910468156510303,-1.366094737264706e-17,0.04839354954492014,-2.334594901087517e-17,-2.650943113236522e-18,0.01050178113272378,0.01905702110882058,8.078515277555735e-34,0.0485129009482867,-2.713724646164748e-17,-1.295110088692125e-17,0.12875
14,0.014,1,8,0.4501418511158434,1.063728478857782,0.7886751345948151,600,5018934103.646957,6349802871.915298,3410621092.668671,3722580734.224621,2.975579617106095e-07,2.460890989976131e-06,0.01045403457135883,0.01910468156510305,-2.856872724432274e-17,0.04839354954492008,3.868253502237924e-18,3.199158286968971e-17,0.01045403457135883,0.01910468156510305,-2.856872724432274e-17,0.04839354954492008,3.868253502237924e-18,3.199158286968971e-17,0.01050178113272378,0.01905702110882058,-2.327301036398482e-32,0.0485129009482867,-2.780386543155253e-17,1.428433882673136e-17,0.12875
15,0.015,1,1,0.09016115832208023,0.2960715048839915,0.211324865405185,600,4259507386.836256,7109229588.725994,3410621092.668671,3502881825.786098,8.444657856327898e-08,-3.230339294814137e-07,0.005517760912089284,0.02404095522437258,-1.962405932131733e-17,0.04553746373521927,1.097805521322627e-18,-4.199441083258378e-18,0.005517760912089284,0.02404095522437258,-1.962405932131733e-17,0.04553746373521927,1.097805521322627e-18,-4.199441083258378e-18,0.005552057761295333,0.02400674448024893,-8.328396688141116e-84,0.04567404325842164,1.068746437371115e-42,3.075415511403391e-43,0.1287500000000001
15,0.015,1,2,0.6051611583220841,0.5934068935166508,0.2113248654051851,600,4259507386.836259,7109229588.725986,3410621092.668674,3502881825.7861,9.772002787686857e-08,-3.075819335959151e-07,0.005517760912089306,0.02404095522437254,7.476477487800913e-19,0.0455374637352193,1.270360362399292e-18,-3.998565136746896e-18,0.005517760912089306,0.02404095522437254,7.476477487800913e-19,0.0455374637352193,1.270360362399292e-18,-3.998565136746896e-18,0.00555205776129543,0.02400674448024894,-5.332454592415215e-33,0.04567404325842155,-4.019594710179353e-18,2.463729225922549e-17,0.12875
15,0.015,1,3,-0.1785139762727346,0.8076185102677877,0.2113248654051851,600,4259507386.836264,7109229588.725984,3410621092.668667,3502881825.786093,-5.308445955321212e-06,-1.603461100371002e-06,0.005517760912089345,0.02404095522437252,-3.303202618772139e-17,0.04553746373521921,-6.900979741917575e-17,-2.084499430482302e-17,0.005517760912089345,0.02404095522437252,-3.303202618772139e-17,0.04553746373521921,-6.900979741917575e-17,-2.084499430482302e-17,0.005552057761295381,0.02400674448024888,-1.52116989495522e-31,0.04567404325842168,-1.101125345678393e-16,-1.103926522468972e-17,0.1287500000000001
15,0.015,1,4,0.3364860237272694,1.104953898900447,0.211324865405185,600,4259507386.836265,7109229588.725976,3410621092.668671,3502881825.786088,-2.052669908422917e-06,3.673306428148301e-06,0.005517760912089356,0.02404095522437248,-5.222240463468214e-18,0.04553746373521914,-2.668470880949793e-17,4.775298356592791e-17,0.005517760912089356,0.02404095522437248,-5.222240463468214e-18,0.04553746373521914,-2.668470880949793e-17,4.775298356592791e-17,0.005552057761295478,0.02400674448024889,-1.935161398133517e-32,0.04567404325842158,-4.12529748354864e-17,-5.833437631970363e-18,0.12875
15,0.015,1,5,0.09016115832208024,0.2960715048839915,0.7886751345948151,600,4259507386.836258,7109229588.725993,3410621092.668671,3502881825.786092,8.444657856327898e-08,-3.230339294814137e-07,0.005517760912089297,0.02404095522437258,-2.699663409421876e-17,0.0455374637352192,1.097805521322627e-18,-4.199441083258378e-18,0.005517760912089297,0.02404095522437258,-2.699663409421876e-17,0.0455374637352192,1.097805521322627e-18,-4.199441083258378e-18,0.005552057761295384,0.02400674448024898,-7.187740193082931e-84,0.04567404325842152,-2.286746254487446e-43,6.931424225487165e-43,0.12875
15,0.015,1,6,0.6051611583220842,0.5934068935166509,0.788675134594815,600,4259507386.836257,7109229588.725985,3410621092.668675,3502881825.786101,9.273585650658614e-07,-1.827659784125837e-07,0.005517760912089296,0.02404095522437253,1.498006001717835e-17,0.04553746373521932,1.20556613458562e-17,-2.375957719363589e-18,0.005517760912089296,0.02404095522437253,1.498006001717835e-17,0.04553746373521932,1.20556613458562e-17,-2.375957719363589e-18,0.005552057761295439,0.02400674448024894,-2.752552437828443e-33,0.04567404325842156,-5.883844117976715e-19,2.540569759067494e-17,0.12875
15,0.015,1,7,-0.1785139762727346,0.8076185102677877,0.7886751345948151,600,4259507386.836265,7109229588.725986,3410621092.668666,3502881825.786092,-3.349272587668091e-06,-6.129465647213179e-07,0.005517760912089349,0.02404095522437253,-4.372948762291171e-17,0.0455374637352192,-4.354054363968518e-17,-7.968305341377133e-18,0.005517760912089349,0.02404095522437253,-4.372948762291171e-17,0.0455374637352192,-4.354054363968518e-17,-7.968305341377133e-18,0.005552057761295378,0.02400674448024899,-2.728060452752357e-32,0.0456740432584215,-5.489936477410665e-17,-1.229448530319164e-17,0.12875
15,0.015,1,8,0.3364860237272693,1.104953898900447,0.7886751345948151,600,4259507386.836265,7109229588.725979,3410621092.66867,3502881825.786096,2.858403826899463e-07,3.254516922972598e-06,0.005517760912089354,0.0240409552243725,-1.526918059516722e-17,0.04553746373521925,3.715924974969301e-18,4.230871999864378e-17,0.005517760912089354,0.0240409552243725,-1.526918059516722e-17,0.04553746373521925,3.715924974969301e-18,4.230871999864378e-17,0.005552057761295439,0.02400674448024894,-3.452786465660441e-32,0.04567404325842156,-2.815574368121045e-17,2.433959445721413e-17,0.12875
16,0.016,1,1,0.1206151454859394,0.2850251868759255,0.211324865405185,600,5018934103.64696,6349802871.915292,3410621092.668674,3722580734.224626,5.021773113811433e-08,-3.300913869015474e-07,0.01045403457135885,0.01910468156510301,-5.168030354843942e-18,0.04839354954492014,6.528305047954864e-19,-4.291188029720116e-18,0.01045403457135885,0.01910468156510301,-5.168030354843942e-18,0.04839354954492014,6.528305047954864e-19,-4.291188029720116e-18,0.01050178113272379,0.01905702110882045,3.175991181682503e-34,0.04851290094828684,-6.74264792979282e-18,-4.93999020383358e-18,0.1287500000000001
16,0.016,1,2,0.6638739328494665,0.5268995825560983,0.2113248654051851,600,5018934103.646963,6349802871.915291,3410621092.668672,3722580734.224616,6.690694133604634e-07,-6.895070292100066e-07,0.01045403457135887,0.019104681565103,-2.541776468053675e-17,0.04839354954492001,8.697902373686025e-18,-8.963591379730085e-18,0.01045403457135887,0.019104681565103,-2.541776468053675e-17,0.04839354954492001,8.697902373686025e-18,-8.963591379730085e-18,0.01050178113272383,0.01905702110882065,-2.220446049250314e-16,0.04851290094828659,1.113473219235604e-17,-3.429428175578007e-17,0.12875
16,0.016,1,3,-0.09311693624768358,0.8218540831776089,0.2113248654051851,600,5018934103.646954,6349802871.915295,3410621092.668675,3722580734.224623,-3.873530396457038e-06,-5.539177118328368e-07,0.01045403457135881,0.01910468156510303,1.084202173155808e-18,0.0483935495449201,-5.035589515394149e-17,-7.200930253826878e-18,0.01045403457135881,0.01910468156510303,1.084202173155808e-18,0.0483935495449201,-5.035589515394149e-17,-7.200930253826878e-18,0.01050178113272388,0.01905702110882047,-1.397184887998951e-33,0.04851290094828673,3.333094849525402e-19,-1.361771985682632e-17,0.1287500000000001
16,0.016,1,4,0.4501418511158433,1.063728478857782,0.211324865405185,600,5018934103.646954,6349802871.915293,3410621092.668671,3722580734.224608,-1.365034839676399e-06,2.750374723229571e-06,0.01045403457135882,0.01910468156510303,-1.483549972617302e-17,0.04839354954491991,-1.774545291579319e-17,3.575487140198442e-17,0.01045403457135882,0.01910468156510303,-1.483549972617302e-17,0.04839354954491991,-1.774545291579319e-17,3.575487140198442e-17,0.01050178113272395,0.01905702110882064,-7.018670900489508e-32,0.0485129009482865,-3.529645970248868e-17,3.998421830075706e-17,0.12875
16,0.016,1,5,0.1206151454859394,0.2850251868759255,0.7886751345948151,600,5018934103.646962,6349802871.915294,3410621092.668674,3722580734.224621,5.021773113811433e-08,-3.300913869015474e-07,0.01045403457135886,0.01910468156510301,-9.938519913780162e-18,0.04839354954492008,6.528305047954864e-19,-4.291188029720116e-18,0.01045403457135886,0.01910468156510301,-9.938519913780162e-18,0.04839354954492008,6.528305047954864e-19,-4.291188029720116e-18,0.01050178113272379,0.01905702110882047,3.175991181682503e-34,0.04851290094828685,-6.74264792979283e-18,-4.939990203833583e-18,0.12875
16,0.016,1,6,0.6638739328494663,0.5268995825560983,0.788675134594815,600,5018934103.646962,6349802871.915289,3410621092.668673,3722580734.224618,1.246067109690886e-06,-7.766513521551815e-07,0.01045403457135887,0.01910468156510299,-1.118535241213849e-17,0.04839354954492003,1.619887242598152e-17,-1.009646757801736e-17,0.01045403457135887,0.01910468156510299,-1.118535241213849e-17,0.04839354954492003,1.619887242598152e-17,-1.009646757801736e-17,0.01050178113272385,0.01905702110882041,-8.515459849610712e-33,0.04851290094828687,8.228577909766424e-19,-3.361874589653992e-17,0.12875
16,0.016,1,7,-0.09311693624768358,0.8218540831776089,0.7886751345948151,600,5018934103.646956,6349802871.915295,3410621092.668673,3722580734.224621,-1.814966846819181e-06,-3.507702847395108e-08,0.01045403457135883,0.01910468156510303,-9.324138682705041e-18,0.04839354954492008,-2.359456900864935e-17,-4.560013701613641e-19,0.01045403457135883,0.01910468156510303,-9.324138682705041e-18,0.04839354954492008,-2.359456900864935e-17,-4.560013701613641e-19,0.01050178113272378,0.01905702110882058,8.078515277555735e-34,0.0485129009482867,-2.713724646164748e-17,-1.295110088692125e-17,0.12875
16,0.016,1,8,0.4501418511158434,1.063728478857782,0.7886751345948151,600,5018934103.646955,6349802871.915296,3410621092.668669,3722580734.224615,3.797857987423046e-07,2.428608379320173e-06,0.01045403457135883,0.01910468156510304,-2.654488318901647e-17,0.04839354954492,4.93721538364996e-18,3.157190893116225e-17,0.01045403457135883,0.01910468156510304,-2.654488318901647e-17,0.04839354954492,4.93721538364996e-18,3.157190893116225e-17,0.01050178113272385,0.01905702110882053,-2.327301036398485e-32,0.04851290094828672,-2.78038654315526e-17,1.428433882673132e-17,0.12875
17,0.017,1,1,0.1497476478755127,0.2708560732750921,0.211324865405185,600,5807443496.152746,5561293479.409465,3410621092.668663,3779585001.653315,1.543868774186462e-08,-3.335322940107242e-07,0.01557934562264654,0.01397937051381521,3.252606524159466e-19,0.0491346050214931,2.007029406442401e-19,-4.335919822139415e-18,0.01557934562264654,0.01397937051381521,3.252606524159466e-19,0.0491346050214931,2.007029406442401e-19,-4.335919822139415e-18,0.01563845702392807,0.01392034521761618,-7.947739949404195e-36,0.04923151207598549,2.114042039942972e-20,-8.555189536785922e-19,0.12875
17,0.017,1,2,0.7153131656439982,0.4546194495082348,0.2113248654051851,600,5807443496.152748,5561293479.409463,3410621092.668661,3779585001.653308,-6.614274204454348e-09,-4.292980673415351e-07,0.01557934562264656,0.01397937051381521,-1.320242020386673e-17,0.04913460502149301,-8.598556465790665e-20,-5.580874875439956e-18,0.01557934562264656,0.01397937051381521,-1.320242020386673e-17,0.04913460502149301,-8.598556465790665e-20,-5.580874875439956e-18,0.01563845702392808,0.01392034521761616,-1.62432071187496e-34,0.04923151207598547,3.151918387824336e-18,1.060942523938471e-17,0.12875
17,0.017,1,3,-0.00669968758313122,0.8270852507681126,0.2113248654051851,600,5807443496.15274,5561293479.409467,3410621092.668662,3779585001.653315,-2.864659754757133e-06,9.14537962562791e-08,0.01557934562264651,0.01397937051381523,-1.517883040809402e-18,0.0491346050214931,-3.724057681184273e-17,1.188899351331628e-18,0.01557934562264651,0.01397937051381523,-1.517883040809402e-18,0.0491346050214931,-3.724057681184273e-17,1.188899351331628e-18,0.01563845702392788,0.01392034521761616,-7.285648373921231e-33,0.04923151207598572,-2.732938914253768e-17,6.764934527817031e-19,0.12875
17,0.017,1,4,0.5588658301853542,1.010848627001255,0.211324865405185,600,5807443496.152736,5561293479.409467,3410621092.668659,3779585001.653302,2.723427908531626e-07,1.795005900618565e-06,0.01557934562264649,0.01397937051381524,-7.300294627398764e-18,0.04913460502149293,3.540456281091115e-18,2.333507670804134e-17,0.01557934562264649,0.01397937051381524,-7.300294627398764e-18,0.04913460502149293,3.540456281091115e-18,2.333507670804134e-17,0.01563845702392782,0.01392034521761611,-7.637778091377271e-33,0.0492315120759854,-6.553530323822597e-19,2.652108756403646e-17,0.12875
17,0.017,1,5,0.1497476478755127,0.2708560732750921,0.7886751345948151,600,5807443496.152748,5561293479.409467,3410621092.668663,3779585001.653312,1.543868774186462e-08,-3.335322940107242e-07,0.01557934562264655,0.01397937051381522,-3.577867168531869e-18,0.04913460502149306,2.007029406442401e-19,-4.335919822139415e-18,0.01557934562264655,0.01397937051381522,-3.577867168531869e-18,0.04913460502149306,2.007029406442401e-19,-4.335919822139415e-18,0.015638457023928,0.01392034521761626,-7.947739949404195e-36,0.0492315120759855,2.114042039942938e-20,-8.555189536785947e-19,0.12875
17,0.017,1,6,0.7153131656439982,0.4546194495082347,0.788675134594815,600,5807443496.152745,5561293479.409463,3410621092.668662,3779585001.653309,6.871184363189929e-07,-4.80893008543837e-07,0.01557934562264654,0.01397937051381521,-4.535579087560732e-18,0.04913460502149302,8.932539672146908e-18,-6.251609111069882e-18,0.01557934562264654,0.01397937051381521,-4.535579087560732e-18,0.04913460502149302,8.932539672146908e-18,-6.251609111069882e-18,0.015638457023928,0.01392034521761626,2.77517493005946e-34,0.0492315120759855,4.854720104133093e-18,1.078102413700551e-17,0.12875
17,0.017,1,7,-0.00669968758313122,0.8270852507681126,0.7886751345948151,600,5807443496.152742,5561293479.409466,3410621092.668661,3779585001.653311,-1.282537273556643e-06,1.421436473358175e-07,0.01557934562264652,0.01397937051381522,-4.119968254774619e-18,0.04913460502149305,-1.667298455623636e-17,1.847867415365628e-18,0.01557934562264652,0.01397937051381522,-4.119968254774619e-18,0.04913460502149305,-1.667298455623636e-17,1.847867415365628e-18,0.01563845702392782,0.01392034521761611,-1.195889317352806e-32,0.0492315120759854,-5.440509324028199e-17,-8.913240538579775e-18,0.12875
17,0.017,1,8,0.5588658301853542,1.010848627001255,0.7886751345948151,600,5807443496.152738,5561293479.409467,3410621092.668658,3779585001.653308,9.098414992438022e-07,1.777923361010417e-06,0.0155793456226465,0.01397937051381524,-1.555830117449669e-17,0.04913460502149301,1.182793949016943e-17,2.311300369313543e-17,0.0155793456226465,0.01397937051381524,-1.555830117449669e-17,0.04913460502149301,1.182793949016943e-17,2.311300369313543e-17,0.01563845702392782,0.01392034521761611,-2.484447106602762e-33,0.0492315120759854,6.155853832852702e-18,2.720748315451963e-17,0.12875
18,0.018,1,1,0.177239483698252,0.2537194038551795,0.211324865405185,600,6590573920.21333,4778163055.348936,3410621092.668683,3671403268.048707,2.380528319144948e-07,-1.744327260823833e-07,0.02066969337904022,0.008889022757421665,1.564865135687774e-17,0.04772824248463319,3.094686814888432e-18,-2.267625439070984e-18,0.02066969337904022,0.008889022757421665,1.564865135687774e-17,0.04772824248463319,3.094686814888432e-18,-2.267625439070984e-18,0.0207375880499568,0.008821214191587448,-3.01328963812288e-34,0.04779846988695835,3.439706889276009e-18,-1.801896585002174e-18,0.1287500000000001
18,0.018,1,2,0.758915277706831,0.3773584106363231,0.2113248654051851,600,6590573920.213329,4778163055.348942,3410621092.668681,3671403268.048703,-1.935125402770757e-07,2.266566244248336e-08,0.02066969337904021,0.008889022757421693,-1.023215799612899e-18,0.04772824248463314,-2.515663023601985e-18,2.946536117522838e-19,0.02066969337904021,0.008889022757421693,-1.023215799612899e-18,0.04772824248463314,-2.515663023601985e-18,2.946536117522838e-19,0.02073758804995675,0.008821214191587512,-5.29994546027445e-33,0.04779846988695838,-2.946665617582901e-18,1.672210226595676e-17,0.12875
18,0.018,1,3,0.07979096426058169,0.823254699272485,0.2113248654051851,600,6590573920.213328,4778163055.348936,3410621092.66868,3671403268.048709,-7.423901017009065e-07,2.084808503323813e-07,0.02066969337904022,0.008889022757421672,1.807003621479478e-18,0.04772824248463322,-9.651071322111783e-18,2.710251054320957e-18,0.02066969337904022,0.008889022757421672,1.807003621479478e-18,0.04772824248463322,-9.651071322111783e-18,2.710251054320957e-18,0.02073758804995681,0.008821214191587452,-4.754538759664837e-33,0.04779846988695835,-2.718925415141001e-17,6.568019255960184e-19,0.1287500000000001
18,0.018,1,4,0.6614667582691607,0.9468937060536287,0.211324865405185,600,6590573920.213318,4778163055.348945,3410621092.668676,3671403268.048703,7.442612748843512e-07,7.928184114450013e-07,0.02066969337904016,0.008889022757421729,-1.137508779232345e-17,0.04772824248463314,9.675396573496566e-18,1.030663934878502e-17,0.02066969337904016,0.008889022757421729,-1.137508779232345e-17,0.04772824248463314,9.675396573496566e-18,1.030663934878502e-17,0.02073758804995673,0.008821214191587505,-1.303830858015803e-32,0.04779846988695836,2.577654361931253e-18,3.431382664535389e-17,0.12875
18,0.018,1,5,0.177239483698252,0.2537194038551795,0.7886751345948151,600,6590573920.21333,4778163055.348937,3410621092.668683,3671403268.048704,2.380528319144948e-07,-1.744327260823833e-07,0.02066969337904023,0.008889022757421669,1.203464411525939e-17,0.04772824248463316,3.094686814888432e-18,-2.267625439070984e-18,0.02066969337904023,0.008889022757421669,1.203464411525939e-17,0.04772824248463316,3.094686814888432e-18,-2.267625439070984e-18,0.02073758804995681,0.008821214191587439,-3.013289638122883e-34,0.04779846988695835,3.43970688927601e-18,-1.801896585002176e-18,0.12875
18,0.018,1,6,0.758915277706831,0.3773584106363231,0.788675134594815,600,6590573920.213326,4778163055.348939,3410621092.668681,3671403268.048704,4.255986475675493e-07,-9.960459093245537e-08,0.0206696933790402,0.008889022757421688,7.029244085617981e-18,0.04772824248463316,5.53278241837814e-18,-1.294859682121919e-18,0.0206696933790402,0.008889022757421688,7.029244085617981e-18,0.04772824248463316,5.53278241837814e-18,-1.294859682121919e-18,0.02073758804995675,0.008821214191587512,-4.418486023217423e-33,0.04779846988695838,-1.249902865641636e-18,1.678853941712593e-17,0.12875
18,0.018,1,7,0.07979096426058169,0.8232546992724851,0.7886751345948151,600,6590573920.213328,4778163055.348936,3410621092.668679,3671403268.048708,-2.171245309440807e-07,3.826077987153953e-07,0.02066969337904022,0.008889022757421674,-6.505213028210051e-19,0.04772824248463321,-2.822618902273049e-18,4.97390138330014e-18,0.02066969337904022,0.008889022757421674,-6.505213028210051e-19,0.04772824248463321,-2.822618902273049e-18,4.97390138330014e-18,0.02073758804995681,0.008821214191587452,5.101695795371999e-34,0.04779846988695835,-2.702505367001101e-17,-6.222383451614644e-18,0.12875
18,0.018,1,8,0.6614667582691607,0.9468937060536288,0.7886751345948151,600,6590573920.213322,4778163055.348942,3410621092.668676,3671403268.048707,8.55547647424342e-07,6.225793693429365e-07,0.02066969337904018,0.008889022757421714,-1.37874376261037e-17,0.04772824248463319,1.112211941651645e-17,8.093531801458175e-18,0.02066969337904018,0.008889022757421714,-1.37874376261037e-17,0.04772824248463319,1.112211941651645e-17,8.093531801458175e-18,0.02073758804995674,0.008821214191587518,1.121490831037033e-33,0.04779846988695839,2.361613437099727e-17,6.734432778389855e-18,0.12875
19,0.019,1,1,0.2027894466478469,0.2338029315524309,0.211324865405185,600,7334098818.420475,4034638157.141764,3410621092.668673,3402763594.282874,2.161746673643396e-07,-9.880077657641146e-08,0.02550260521738672,0.004056110919075098,6.830473687328971e-18,0.04423592672567736,2.810270675736414e-18,-1.284410095493349e-18,0.02550260521738672,0.004056110919075098,6.830473687328971e-18,0.04423592672567736,2.810270675736414e-18,-1.284410095493349e-18,0.02557631771662733,0.003982484524916918,-2.872144063259278e-35,0.04427640520136519,2.85189844957724e-20,-1.296080630413175e-18,0.1287500000000001
19,0.019,1,2,0.7942025551738762,0.2959629540501557,0.2113248654051851,600,7334098818.420473,4034638157.141767,3410621092.668671,3402763594.282867,-2.725453211534229e-07,7.826275941044906e-07,0.02550260521738671,0.004056110919075117,-7.257378291404549e-18,0.04423592672567728,-3.543089174994498e-18,1.017415872335838e-17,0.02550260521738671,0.004056110919075117,-7.257378291404549e-18,0.04423592672567728,-3.543089174994498e-18,1.017415872335838e-17,0.0255763177166273,0.003982484524916962,-1.1939407665287e-33,0.04427640520136523,6.451330374157943e-19,9.087303856312096e-18,0.12875
19,0.019,1,3,0.165407409602523,0.8104043970145068,0.2113248654051851,600,7334098818.420466,4034638157.141767,3410621092.668673,3402763594.282874,3.188327135247768e-07,5.271117223521725e-07,0.02550260521738668,0.004056110919075123,1.5106550270635e-17,0.04423592672567737,4.144825275822098e-18,6.852452390578243e-18,0.02550260521738668,0.004056110919075123,1.5106550270635e-17,0.04423592672567737,4.144825275822098e-18,6.852452390578243e-18,0.02557631771662733,0.003982484524916923,-2.132265663192215e-34,0.04427640520136519,-6.77119863231685e-18,4.761214082474109e-19,0.1287500000000001
19,0.019,1,4,0.7568205181285522,0.8725644195122317,0.211324865405185,600,7334098818.420457,4034638157.14177,3410621092.668669,3402763594.282867,8.160335196616317e-07,1.009357838333351e-06,0.02550260521738663,0.004056110919075161,5.954076931236527e-18,0.04423592672567727,1.060843575560121e-17,1.312165189833357e-17,0.02550260521738663,0.004056110919075161,5.954076931236527e-18,0.04423592672567727,1.060843575560121e-17,1.312165189833357e-17,0.0255763177166273,0.003982484524916962,-2.540305661446364e-33,0.04427640520136524,-1.928675425679658e-18,1.083869723277086e-17,0.1287500000000001
19,0.019,1,5,0.2027894466478468,0.2338029315524309,0.7886751345948151,600,7334098818.420474,4034638157.141765,3410621092.668673,3402763594.282871,2.161746673643396e-07,-9.880077657641146e-08,0.02550260521738672,0.004056110919075104,2.782785576716423e-18,0.04423592672567733,2.810270675736414e-18,-1.284410095493349e-18,0.02550260521738672,0.004056110919075104,2.782785576716423e-18,0.04423592672567733,2.810270675736414e-18,-1.284410095493349e-18,0.02557631771662733,0.003982484524916918,-2.872144063259278e-35,0.04427640520136519,2.85189844957724e-20,-1.296080630413175e-18,0.1287500000000001
19,0.019,1,6,0.7942025551738762,0.2959629540501557,0.788675134594815,600,7334098818.420471,4034638157.141765,3410621092.66867,3402763594.282869,3.303935891368876e-07,5.963124089136774e-07,0.0255026052173867,0.004056110919075114,-2.584015177086824e-18,0.0442359267256773,4.295116658779539e-18,7.752061315877806e-18,0.0255026052173867,0.004056110919075114,-2.584015177086824e-18,0.0442359267256773,4.295116658779539e-18,7.752061315877806e-18,0.02557631771662729,0.003982484524916965,-1.085564920056663e-33,0.04427640520136523,1.067738806425276e-18,9.084547948096896e-18,0.12875
19,0.019,1,7,0.1654074096025229,0.8104043970145068,0.7886751345948151,600,7334098818.420465,4034638157.141768,3410621092.668673,3402763594.282876,8.703462535178404e-07,1.807677166109148e-07,0.02550260521738667,0.00405611091907513,1.380550766365239e-17,0.04423592672567738,1.131450129573193e-17,2.349980315941892e-18,0.02550260521738667,0.00405611091907513,1.380550766365239e-17,0.04423592672567738,1.131450129573193e-17,2.349980315941892e-18,0.02557631771662732,0.003982484524916931,-1.907664545463942e-34,0.0442764052013652,-6.768822050275534e-18,3.681146890463111e-19,0.12875
19,0.019,1,8,0.7568205181285522,0.8725644195122317,0.7886751345948151,600,7334098818.420459,4034638157.141769,3410621092.66867,3402763594.28287,9.346653440584426e-07,-2.667377502440443e-07,0.02550260521738664,0.004056110919075153,9.703609444415561e-18,0.04423592672567731,1.215064947275976e-17,-3.467590753172576e-18,0.02550260521738664,0.004056110919075153,9.703609444415561e-18,0.04423592672567731,1.215064947275976e-17,-3.467590753172576e-18,0.02557631771662729,0.003982484524916973,-4.827122098755622e-34,0.04427640520136524,3.447390449232595e-18,-3.046235403352257e-18,0.12875
20,0.02,1,1,0.226117605983548,0.211324865405185,0.211324865405185,600,8005522584.894274,3363214390.667996,3410621092.668684,2985406823.175561,2.025699732300338e-07,-2.08464870596458e-08,0.02986685969946635,-0.0003081435630044537,1.348024701190673e-17,0.03881028870128229,2.633409651990439e-18,-2.710043317753955e-19,0.02986685969946635,-0.0003081435630044537,1.348024701190673e-17,0.03881028870128229,2.633409651990439e-18,-2.710043317753955e-19,0.02994317031870491,-0.0003843680771606723,3.741901183209347e-84,0.03881924914670801,-8.803063471488498e-43,-9.467854263528043e-43,0.1287500000000001
20,0.02,1,2,0.8207883832488667,0.2113248654051851,0.2113248654051851,600,8005522584.894273,3363214390.667997,3410621092.668683,2985406823.17556,-2.393406499418322e-07,1.054506709176532e-07,0.02986685969946635,-0.0003081435630044465,9.233788503005174e-18,0.03881028870128229,-3.111428449243819e-18,1.370858721929492e-18,0.02986685969946635,-0.0003081435630044465,9.233788503005174e-18,0.03881028870128229,-3.111428449243819e-18,1.370858721929492e-18,0.02994317031870493,-0.000384368077160668,-4.518225033385888e-38,0.03881924914670803,-4.208791425911677e-19,8.334654085831599e-21,0.12875
20,0.02,1,3,0.2492116167511332,0.7886751345948151,0.2113248654051851,600,8005522584.894272,3363214390.667996,3410621092.668681,2985406823.17556,1.409516147552561e-06,4.452188191182926e-07,0.02986685969946635,-0.0003081435630044513,5.782411593292374e-19,0.03881028870128227,1.83237099181833e-17,5.787844648537804e-18,0.02986685969946635,-0.0003081435630044513,5.782411593292374e-19,0.03881028870128227,1.83237099181833e-17,5.787844648537804e-18,0.02994317031870491,-0.0003843680771606723,-1.156665608546873e-35,0.03881924914670801,6.734066281458686e-18,-1.333544653733114e-19,0.1287500000000001
20,0.02,1,4,0.843882394016452,0.7886751345948151,0.211324865405185,600,8005522584.894264,3363214390.667996,3410621092.668679,2985406823.175564,9.345112709075091e-07,8.51176215158598e-08,0.02986685969946631,-0.0003081435630044328,4.734349487190334e-18,0.03881028870128234,1.214864652179762e-17,1.106529079706177e-18,0.02986685969946631,-0.0003081435630044328,4.734349487190334e-18,0.03881028870128234,1.214864652179762e-17,1.106529079706177e-18,0.02994317031870493,-0.000384368077160668,-8.855721065436269e-36,0.03881924914670803,5.89230799627635e-18,-1.166851572016423e-19,0.12875
20,0.02,1,5,0.226117605983548,0.211324865405185,0.7886751345948151,600,8005522584.894273,3363214390.667998,3410621092.668684,2985406823.17556,2.025699732300338e-07,-2.08464870596458e-08,0.02986685969946635,-0.0003081435630044431,1.019150042203404e-17,0.03881028870128227,2.633409651990439e-18,-2.710043317753955e-19,0.02986685969946635,-0.0003081435630044431,1.019150042203404e-17,0.03881028870128227,2.633409651990439e-18,-2.710043317753955e-19,0.02994317031870493,-0.0003843680771606715,-4.505767628320039e-84,0.03881924914670801,-5.964785131602826e-43,2.360488094507422e-43,0.12875
20,0.02,1,6,0.8207883832488668,0.211324865405185,0.788675134594815,600,8005522584.89427,3363214390.667996,3410621092.668683,2985406823.175562,2.760304206134574e-07,-1.420967784489562e-07,0.02986685969946634,-0.0003081435630044475,1.178166360834611e-17,0.03881028870128231,3.588395467974947e-18,-1.84725811983643e-18,0.02986685969946634,-0.0003081435630044475,1.178166360834611e-17,0.03881028870128231,3.588395467974947e-18,-1.84725811983643e-18,0.02994317031870493,-0.0003843680771606628,-1.807290013354462e-37,0.03881924914670803,-8.41758285182336e-19,1.666930817166358e-20,0.12875
20,0.02,1,7,0.2492116167511332,0.7886751345948151,0.7886751345948151,600,8005522584.894272,3363214390.667997,3410621092.668681,2985406823.175562,2.958439828889426e-06,3.078150755757925e-08,0.02986685969946635,-0.0003081435630044452,5.782411593292312e-19,0.03881028870128232,3.845971777556254e-17,4.001595982485302e-19,0.02986685969946635,-0.0003081435630044452,5.782411593292312e-19,0.03881028870128232,3.845971777556254e-17,4.001595982485302e-19,0.02994317031870493,-0.0003843680771606654,-1.156665608546847e-35,0.03881924914670802,6.734066281458687e-18,-1.333544653733087e-19,0.12875
20,0.02,1,8,0.8438823940164522,0.7886751345948151,0.7886751345948151,600,8005522584.894266,3363214390.667995,3410621092.668681,2985406823.175564,6.376649122989138e-07,-1.286183640209462e-07,0.02986685969946632,-0.0003081435630044463,1.044448092894732e-17,0.03881028870128234,8.28964385988588e-18,-1.672038732272301e-18,0.02986685969946632,-0.0003081435630044463,1.044448092894732e-17,0.03881028870128234,8.28964385988588e-18,-1.672038732272301e-18,0.02994317031870493,-0.0003843680771606628,-6.506244048076096e-36,0.03881924914670803,5.050549711094016e-18,-1.000158490299818e-19,0.12875
