variable,maximum_absolute_difference,maximum_reference,maximum_difference_over_field_peak
time_whole,0.0,0.025,0.0
vals_nod_var1,1.1368683772161603e-13,400.0,2.842170943040401e-16
vals_nod_var2,5.553825628556996e-17,0.0005,1.1107651257113993e-13
vals_nod_var3,9.556564524101918e-17,0.000125,7.645251619281535e-13
vals_nod_var4,1.0997356979469642e-16,3.387494391638382e-06,3.2464576197130487e-11
vals_nod_var5,9.694292081325467e-19,4.267825918242219e-06,2.271482545688798e-13
vals_nod_var6,6.990740075707436e-08,360549.2329107736,1.9389141447535567e-13
vals_nod_var7,1.136337232310325e-06,47031.83796706707,2.416102115987936e-11
vals_nod_var8,1.0586302478078971e-16,3.9564999145064965e-06,2.6756736274059606e-11
vals_nod_var9,0.0,0.0,0.0
vals_nod_var10,0.0,1.0,0.0
vals_nod_var11,0.0,3.0,0.0
vals_nod_var12,5.551115123125783e-17,0.41666666666666685,1.3322676295501873e-16
vals_nod_var13,7.261405698955059e-09,166290.3871073601,4.3667020236515316e-14
vals_nod_var14,9.691575542092323e-08,426782.5918242219,2.270846029747149e-13
vals_nod_var15,1.1102230246251565e-16,1.0,1.1102230246251565e-16
vals_nod_var16,2.220446049250313e-16,2.0000582570663967,1.1101906863988913e-16
vals_nod_var17,5.551115123125783e-17,1.0000033874943917,5.551096318818135e-17
vals_nod_var18,7.290509529411793e-09,166290.38702030355,4.384203837664798e-14
vals_nod_var19,3.860356478924132e-12,7.552437733078993,5.111404576056444e-13
vals_nod_var20,4.261591080023663e-12,0.16996792544226266,2.5072913427253112e-11
vals_nod_var21,4.312827872610114e-12,0.16484399483718193,2.616308757179743e-11
vals_nod_var22,3.2924617698881775e-07,16325.921253227765,2.0167081041366848e-11
vals_nod_var23,1.2311791408592399e-07,147.37102280082274,8.354282391886653e-10
vals_nod_var24,4.521188282455853e-21,3.0017541836758957e-10,1.5061820541611723e-11
vals_nod_var25,1.0573427577280706e-16,3.9564927040612675e-06,2.6724243839568504e-11
vals_nod_var26,1.1548006481034763e-16,5.054522293362138e-07,2.2846880102201162e-10
vals_nod_var27,4.5212141318499956e-21,3.0017541836758947e-10,1.5061906655905438e-11
vals_nod_var28,1.0573427577280706e-16,3.9564927040612675e-06,2.6724243839568504e-11
vals_nod_var29,1.1548006481034763e-16,5.054522293362138e-07,2.2846880102201162e-10
vals_nod_var30,3.3492688089609146e-07,17336.397991597103,1.9319288877564384e-11
vals_nod_var31,3.183231456205249e-12,81.4357881775469,3.90888518112595e-14
vals_nod_var32,2.5098415790125728e-08,170647.16402684135,1.470778370871605e-13
vals_nod_var33,4.846747287956532e-07,14243.043835030483,3.402887292978804e-11
vals_nod_var34,1.3313191260522217e-07,575.7489947223092,2.3123255763465694e-10
vals_nod_var35,0.0,1.0,0.0
vals_nod_var36,0.0,1.0,0.0
vals_nod_var37,0.0,1.0,0.0
vals_nod_var38,0.0,1.0,0.0
vals_elem_var1eb1,1.1100200936198235e-07,256401.45025399484,4.329227048131834e-13
vals_elem_var2eb1,1.8189894035458565e-12,14472.71951538039,1.2568400856610173e-16
vals_elem_var3eb1,2.2737367544323206e-13,1965.7536870885144,1.1566742920879172e-16
vals_elem_var4eb1,1.6876583686098456e-08,25978.83225541114,6.496282635099284e-13
vals_elem_var5eb1,1.0158714758290444e-08,922.2432427562954,1.1015222760460934e-11
vals_elem_var6eb1,1.6611416242540145e-08,2332.534387651698,7.121616868964513e-12
vals_elem_var7eb1,1.1106021702289581e-07,250262.39883882203,4.4377508382480816e-13
vals_elem_var8eb1,1.1102110875071958e-07,6563.718326762765,1.6914362138004074e-11
vals_elem_var9eb1,1.1102395092166262e-07,482.1960510851735,2.3024649553185933e-10
vals_elem_var10eb1,2.4236214812844992e-08,28051.49299915132,8.639901916656715e-13
vals_elem_var11eb1,2.18991260680923e-08,1295.2856313633722,1.6906793017569452e-11
vals_elem_var12eb1,2.528462239581586e-08,3068.228685407309,8.240788085996045e-12
vals_elem_var13eb1,1.1106021702289581e-07,273701.3566643574,4.0577152549188864e-13
vals_elem_var14eb1,1.4097167877480388e-11,15579.610052503853,9.048472862910188e-16
vals_elem_var15eb1,1.4210854715202004e-14,1074.3962205302962,1.3226828653760405e-17
vals_elem_var16eb1,1.9215804059058428e-08,28629.912132376667,6.711792886478293e-13
vals_elem_var17eb1,9.498080544290133e-09,783.0092142316573,1.2130228318718196e-11
vals_elem_var18eb1,2.0147041368545615e-08,1451.1557654224289,1.3883445077779673e-11
vals_elem_var19eb1,1.1106021702289581e-07,253130.8170588582,4.387463301122755e-13
vals_elem_var20eb1,4.547473508864641e-12,4938.729858394377,9.207779407361762e-16
vals_elem_var21eb1,2.2204733340913663e-07,1466.705771491572,1.5139187267486153e-10
vals_elem_var22eb1,2.3079337552189827e-08,31393.853237233056,7.35154661576164e-13
vals_elem_var23eb1,3.09130427922355e-08,1017.0223425854489,3.03956378319567e-11
vals_elem_var24eb1,2.7829287319036666e-08,2627.6023254276847,1.0591133616273917e-11
vals_elem_var25eb1,1.1103111319243908e-07,256427.4000709839,4.3299239145935107e-13
vals_elem_var26eb1,7.275957614183426e-12,14527.562231053522,5.008381653069527e-16
vals_elem_var27eb1,2.2737367544323206e-13,1898.8597857334526,1.1974221432858815e-16
vals_elem_var28eb1,1.936859916895628e-08,26023.91012056551,7.442616839369638e-13
vals_elem_var29eb1,1.8283003555552568e-08,914.1802659124329,1.9999341746131995e-11
vals_elem_var30eb1,3.3545802580192685e-08,1672.306631082744,2.0059600289017137e-11
vals_elem_var31eb1,2.9103830456733704e-11,249795.91078373,1.165104359211525e-16
vals_elem_var32eb1,1.1103156793978997e-07,6516.126714249463,1.703950411169663e-11
vals_elem_var33eb1,2.2204784499990637e-07,543.4212637033504,4.0861088777917353e-10
vals_elem_var34eb1,3.321110852994025e-08,28019.51628136295,1.185284863466057e-12
vals_elem_var35eb1,5.9505367744350224e-08,1326.0877163277494,4.4872874555489186e-11
vals_elem_var36eb1,2.4740018034208333e-08,2157.555943197632,1.1466686698071007e-11
vals_elem_var37eb1,5.820766091346741e-11,273774.6057738081,2.1261161439333214e-16
vals_elem_var38eb1,3.637978807091713e-12,15592.849275743893,2.333107145947292e-16
vals_elem_var39eb1,5.684341886080802e-14,1036.13736542756,5.4860890802207186e-17
vals_elem_var40eb1,3.284549165982753e-08,28599.35245587429,1.148469767296465e-12
vals_elem_var41eb1,1.396364268657635e-08,828.8921182938234,1.684615208468728e-11
vals_elem_var42eb1,4.41229985881364e-09,1367.8429447071364,3.2257357293006618e-12
vals_elem_var43eb1,1.1100200936198235e-07,253161.73363620593,4.38462826777338e-13
vals_elem_var44eb1,1.2732925824820995e-11,4944.392798704094,2.5752253801838408e-15
vals_elem_var45eb1,1.1101656127721071e-07,1639.9425362644863,6.769539713878499e-11
vals_elem_var46eb1,2.7597707230597734e-08,31368.66287484707,8.797858978148198e-13
vals_elem_var47eb1,7.106177690729965e-08,1476.2347742910554,4.813717854697349e-11
vals_elem_var48eb1,2.803287202368665e-08,2299.946426660103,1.2188489131199003e-11
vals_elem_var49eb1,0.0,0.0,0.0
vals_elem_var50eb1,0.0,0.0,0.0
vals_elem_var51eb1,0.0,0.0,0.0
vals_elem_var52eb1,0.0,0.0,0.0
vals_elem_var53eb1,0.0,0.0,0.0
vals_elem_var54eb1,0.0,0.0,0.0
vals_elem_var55eb1,0.0,0.0,0.0
vals_elem_var56eb1,0.0,0.0,0.0
vals_elem_var57eb1,0.0,0.0,0.0
vals_elem_var58eb1,0.0,0.0,0.0
vals_elem_var59eb1,0.0,0.0,0.0
vals_elem_var60eb1,0.0,0.0,0.0
vals_elem_var61eb1,0.0,0.0,0.0
vals_elem_var62eb1,0.0,0.0,0.0
vals_elem_var63eb1,0.0,0.0,0.0
vals_elem_var64eb1,0.0,0.0,0.0
vals_elem_var65eb1,0.0,0.0,0.0
vals_elem_var66eb1,0.0,0.0,0.0
vals_elem_var67eb1,0.0,0.0,0.0
vals_elem_var68eb1,0.0,0.0,0.0
vals_elem_var69eb1,0.0,0.0,0.0
vals_elem_var70eb1,0.0,0.0,0.0
vals_elem_var71eb1,0.0,0.0,0.0
vals_elem_var72eb1,0.0,0.0,0.0
vals_elem_var73eb1,0.0,0.0,0.0
vals_elem_var74eb1,0.0,0.0,0.0
vals_elem_var75eb1,0.0,0.0,0.0
vals_elem_var76eb1,0.0,0.0,0.0
vals_elem_var77eb1,0.0,0.0,0.0
vals_elem_var78eb1,0.0,0.0,0.0
vals_elem_var79eb1,0.0,0.0,0.0
vals_elem_var80eb1,0.0,0.0,0.0
vals_elem_var81eb1,0.0,0.0,0.0
vals_elem_var82eb1,0.0,0.0,0.0
vals_elem_var83eb1,0.0,0.0,0.0
vals_elem_var84eb1,0.0,0.0,0.0
vals_elem_var85eb1,0.0,0.0,0.0
vals_elem_var86eb1,0.0,0.0,0.0
vals_elem_var87eb1,0.0,0.0,0.0
vals_elem_var88eb1,0.0,0.0,0.0
vals_elem_var89eb1,0.0,0.0,0.0
vals_elem_var90eb1,0.0,0.0,0.0
vals_elem_var91eb1,0.0,0.0,0.0
vals_elem_var92eb1,0.0,0.0,0.0
vals_elem_var93eb1,0.0,0.0,0.0
vals_elem_var94eb1,0.0,0.0,0.0
vals_elem_var95eb1,0.0,0.0,0.0
vals_elem_var96eb1,0.0,0.0,0.0
vals_elem_var97eb1,0.0,0.0,0.0
vals_elem_var98eb1,0.0,0.0,0.0
vals_elem_var99eb1,0.0,0.0,0.0
vals_elem_var100eb1,0.0,0.0,0.0
vals_elem_var101eb1,0.0,0.0,0.0
vals_elem_var102eb1,0.0,0.0,0.0
vals_elem_var103eb1,0.0,0.0,0.0
vals_elem_var104eb1,0.0,0.0,0.0
vals_elem_var105eb1,0.0,0.0,0.0
vals_elem_var106eb1,0.0,0.0,0.0
vals_elem_var107eb1,0.0,0.0,0.0
vals_elem_var108eb1,0.0,0.0,0.0
vals_elem_var109eb1,0.0,0.0,0.0
vals_elem_var110eb1,0.0,0.0,0.0
vals_elem_var111eb1,0.0,0.0,0.0
vals_elem_var112eb1,0.0,0.0,0.0
vals_elem_var113eb1,0.0,0.0,0.0
vals_elem_var114eb1,0.0,0.0,0.0
vals_elem_var115eb1,0.0,0.0,0.0
vals_elem_var116eb1,0.0,0.0,0.0
vals_elem_var117eb1,0.0,0.0,0.0
vals_elem_var118eb1,0.0,0.0,0.0
vals_elem_var119eb1,0.0,0.0,0.0
vals_elem_var120eb1,0.0,0.0,0.0
vals_elem_var121eb1,0.0,0.0,0.0
vals_elem_var122eb1,0.0,0.0,0.0
vals_elem_var123eb1,0.0,0.0,0.0
vals_elem_var124eb1,0.0,0.0,0.0
vals_elem_var125eb1,0.0,0.0,0.0
vals_elem_var126eb1,0.0,0.0,0.0
vals_elem_var127eb1,0.0,0.0,0.0
vals_elem_var128eb1,0.0,0.0,0.0
vals_elem_var129eb1,0.0,0.0,0.0
vals_elem_var130eb1,0.0,0.0,0.0
vals_elem_var131eb1,0.0,0.0,0.0
vals_elem_var132eb1,0.0,0.0,0.0
vals_elem_var133eb1,0.0,0.0,0.0
vals_elem_var134eb1,0.0,0.0,0.0
vals_elem_var135eb1,0.0,0.0,0.0
vals_elem_var136eb1,0.0,0.0,0.0
vals_elem_var137eb1,0.0,0.0,0.0
vals_elem_var138eb1,0.0,0.0,0.0
vals_elem_var139eb1,0.0,0.0,0.0
vals_elem_var140eb1,0.0,0.0,0.0
vals_elem_var141eb1,0.0,0.0,0.0
vals_elem_var142eb1,0.0,0.0,0.0
vals_elem_var143eb1,0.0,0.0,0.0
vals_elem_var144eb1,0.0,0.0,0.0
vals_elem_var145eb1,0.0,0.0,0.0
vals_elem_var146eb1,0.0,0.0,0.0
vals_elem_var147eb1,0.0,0.0,0.0
vals_elem_var148eb1,0.0,0.0,0.0
vals_elem_var149eb1,0.0,0.0,0.0
vals_elem_var150eb1,0.0,0.0,0.0
vals_elem_var151eb1,0.0,0.0,0.0
vals_elem_var152eb1,0.0,0.0,0.0
vals_elem_var153eb1,0.0,0.0,0.0
vals_elem_var154eb1,0.0,0.0,0.0
vals_elem_var155eb1,0.0,0.0,0.0
vals_elem_var156eb1,0.0,0.0,0.0
vals_elem_var157eb1,0.0,0.0,0.0
vals_elem_var158eb1,0.0,0.0,0.0
vals_elem_var159eb1,0.0,0.0,0.0
vals_elem_var160eb1,0.0,0.0,0.0
vals_elem_var161eb1,0.0,0.0,0.0
vals_elem_var162eb1,0.0,0.0,0.0
vals_elem_var163eb1,0.0,0.0,0.0
vals_elem_var164eb1,0.0,0.0,0.0
vals_elem_var165eb1,0.0,0.0,0.0
vals_elem_var166eb1,0.0,0.0,0.0
vals_elem_var167eb1,0.0,0.0,0.0
vals_elem_var168eb1,0.0,0.0,0.0
vals_elem_var169eb1,0.0,0.0,0.0
vals_elem_var170eb1,0.0,0.0,0.0
vals_elem_var171eb1,0.0,0.0,0.0
vals_elem_var172eb1,0.0,0.0,0.0
vals_elem_var173eb1,0.0,0.0,0.0
vals_elem_var174eb1,0.0,0.0,0.0
vals_elem_var175eb1,0.0,0.0,0.0
vals_elem_var176eb1,0.0,0.0,0.0
vals_elem_var177eb1,0.0,0.0,0.0
vals_elem_var178eb1,0.0,0.0,0.0
vals_elem_var179eb1,0.0,0.0,0.0
vals_elem_var180eb1,0.0,0.0,0.0
vals_elem_var181eb1,0.0,0.0,0.0
vals_elem_var182eb1,0.0,0.0,0.0
vals_elem_var183eb1,0.0,0.0,0.0
vals_elem_var184eb1,0.0,0.0,0.0
vals_elem_var185eb1,0.0,0.0,0.0
vals_elem_var186eb1,0.0,0.0,0.0
vals_elem_var187eb1,0.0,0.0,0.0
vals_elem_var188eb1,0.0,0.0,0.0
vals_elem_var189eb1,0.0,0.0,0.0
vals_elem_var190eb1,0.0,0.0,0.0
vals_elem_var191eb1,0.0,0.0,0.0
vals_elem_var192eb1,0.0,0.0,0.0
vals_elem_var193eb1,0.0,0.0,0.0
vals_elem_var194eb1,0.0,0.0,0.0
vals_elem_var195eb1,0.0,0.0,0.0
vals_elem_var196eb1,0.0,0.0,0.0
vals_elem_var197eb1,0.0,0.0,0.0
vals_elem_var198eb1,0.0,0.0,0.0
vals_elem_var199eb1,0.0,0.0,0.0
vals_elem_var200eb1,0.0,0.0,0.0
vals_elem_var201eb1,0.0,0.0,0.0
vals_elem_var202eb1,0.0,0.0,0.0
vals_elem_var203eb1,0.0,0.0,0.0
vals_elem_var204eb1,0.0,0.0,0.0
vals_elem_var205eb1,0.0,0.0,0.0
vals_elem_var206eb1,0.0,0.0,0.0
vals_elem_var207eb1,0.0,0.0,0.0
vals_elem_var208eb1,0.0,0.0,0.0
vals_elem_var209eb1,0.0,0.0,0.0
vals_elem_var210eb1,0.0,0.0,0.0
vals_elem_var211eb1,0.0,0.0,0.0
vals_elem_var212eb1,0.0,0.0,0.0
vals_elem_var213eb1,0.0,0.0,0.0
vals_elem_var214eb1,0.0,0.0,0.0
vals_elem_var215eb1,0.0,0.0,0.0
vals_elem_var216eb1,0.0,0.0,0.0
vals_elem_var217eb1,1.110494075168278e-16,0.00025640145025399486,4.3310756396588513e-13
vals_elem_var218eb1,1.6940658945086007e-21,1.4472719515380387e-05,1.1705235444577573e-16
vals_elem_var219eb1,0.0,1.965753687088517e-06,0.0
vals_elem_var220eb1,1.6872896309305663e-17,2.5978832255411144e-05,6.494863257678257e-13
vals_elem_var221eb1,1.0158889652894451e-17,9.222432427562955e-07,1.1015412400889726e-11
vals_elem_var222eb1,1.66114145915103e-17,2.3325343876516987e-06,7.121616161137929e-12
vals_elem_var223eb1,0.0,0.0,0.0
vals_elem_var224eb1,0.0,0.0,0.0
vals_elem_var225eb1,0.0,0.0,0.0
vals_elem_var226eb1,0.0,0.0,0.0
vals_elem_var227eb1,0.0,0.0,0.0
vals_elem_var228eb1,0.0,0.0,0.0
vals_elem_var229eb1,0.0,0.0,0.0
vals_elem_var230eb1,0.0,0.0,0.0
vals_elem_var231eb1,0.0,0.0,0.0
vals_elem_var232eb1,0.0,0.0,0.0
vals_elem_var233eb1,0.0,0.0,0.0
vals_elem_var234eb1,0.0,0.0,0.0
vals_elem_var235eb1,1.110494075168278e-16,0.0002502623988388221,4.437318911353821e-13
vals_elem_var236eb1,1.1102399652841016e-16,6.563718326762764e-06,1.6914802098640234e-11
vals_elem_var237eb1,1.1102187894604203e-16,4.821960510851735e-07,2.3024219857501798e-10
vals_elem_var238eb1,2.423530668684004e-17,2.8051492999151315e-05,8.639578181301533e-13
vals_elem_var239eb1,2.1899110408973876e-17,1.2952856313633725e-06,1.6906780928252586e-11
vals_elem_var240eb1,2.528462499853296e-17,3.0682286854073092e-06,8.240788934276067e-12
vals_elem_var241eb1,0.0,0.0,0.0
vals_elem_var242eb1,0.0,0.0,0.0
vals_elem_var243eb1,0.0,0.0,0.0
vals_elem_var244eb1,0.0,0.0,0.0
vals_elem_var245eb1,0.0,0.0,0.0
vals_elem_var246eb1,0.0,0.0,0.0
vals_elem_var247eb1,0.0,0.0,0.0
vals_elem_var248eb1,0.0,0.0,0.0
vals_elem_var249eb1,0.0,0.0,0.0
vals_elem_var250eb1,0.0,0.0,0.0
vals_elem_var251eb1,0.0,0.0,0.0
vals_elem_var252eb1,0.0,0.0,0.0
vals_elem_var253eb1,1.1110361762545207e-16,0.0002737013566643574,4.0593009468235667e-13
vals_elem_var254eb1,3.3881317890172014e-21,1.5579610052503852e-05,2.1747218175545307e-16
vals_elem_var255eb1,1.0587911840678754e-22,1.074396220530302e-06,9.854755292654285e-17
vals_elem_var256eb1,1.9220871639094583e-17,2.8629912132376665e-05,6.713562916373154e-13
vals_elem_var257eb1,9.49809807491769e-18,7.830092142316573e-07,1.2130250707506525e-11
vals_elem_var258eb1,2.0147049227357957e-17,1.4511557654224288e-06,1.3883450493333628e-11
vals_elem_var259eb1,0.0,0.0,0.0
vals_elem_var260eb1,0.0,0.0,0.0
vals_elem_var261eb1,0.0,0.0,0.0
vals_elem_var262eb1,0.0,0.0,0.0
vals_elem_var263eb1,0.0,0.0,0.0
vals_elem_var264eb1,0.0,0.0,0.0
vals_elem_var265eb1,0.0,0.0,0.0
vals_elem_var266eb1,0.0,0.0,0.0
vals_elem_var267eb1,0.0,0.0,0.0
vals_elem_var268eb1,0.0,0.0,0.0
vals_elem_var269eb1,0.0,0.0,0.0
vals_elem_var270eb1,0.0,0.0,0.0
vals_elem_var271eb1,1.1107651257113993e-16,0.00025313081705885814,4.388107061073972e-13
vals_elem_var272eb1,3.3881317890172014e-21,4.938729858394372e-06,6.860330259324439e-16
vals_elem_var273eb1,2.220447108041497e-16,1.4667057714915778e-06,1.5139008458277193e-10
vals_elem_var274eb1,2.3083341878574193e-17,3.1393853237233053e-05,7.352822128631662e-13
vals_elem_var275eb1,3.0912996805637725e-17,1.0170223425854487e-06,3.03955926150565e-11
vals_elem_var276eb1,2.7829214542480834e-17,2.627602325427685e-06,1.0591105919329393e-11
vals_elem_var277eb1,0.0,0.0,0.0
vals_elem_var278eb1,0.0,0.0,0.0
vals_elem_var279eb1,0.0,0.0,0.0
vals_elem_var280eb1,0.0,0.0,0.0
vals_elem_var281eb1,0.0,0.0,0.0
vals_elem_var282eb1,0.0,0.0,0.0
vals_elem_var283eb1,0.0,0.0,0.0
vals_elem_var284eb1,0.0,0.0,0.0
vals_elem_var285eb1,0.0,0.0,0.0
vals_elem_var286eb1,0.0,0.0,0.0
vals_elem_var287eb1,0.0,0.0,0.0
vals_elem_var288eb1,0.0,0.0,0.0
vals_elem_var289eb1,1.1102230246251565e-16,0.0002564274000709839,4.329580319099386e-13
vals_elem_var290eb1,8.470329472543003e-22,1.452756223105352e-05,5.830523619742049e-17
vals_elem_var291eb1,2.117582368135751e-22,1.8988597857334546e-06,1.1151862733865905e-16
vals_elem_var292eb1,1.9366561306022323e-17,2.602391012056551e-05,7.441833766063391e-13
vals_elem_var293eb1,1.8282888529128852e-17,9.14180265912433e-07,1.9999215921469174e-11
vals_elem_var294eb1,3.354631635953294e-17,1.6723066310827436e-06,2.0059907516968464e-11
vals_elem_var295eb1,0.0,0.0,0.0
vals_elem_var296eb1,0.0,0.0,0.0
vals_elem_var297eb1,0.0,0.0,0.0
vals_elem_var298eb1,0.0,0.0,0.0
vals_elem_var299eb1,0.0,0.0,0.0
vals_elem_var300eb1,0.0,0.0,0.0
vals_elem_var301eb1,0.0,0.0,0.0
vals_elem_var302eb1,0.0,0.0,0.0
vals_elem_var303eb1,0.0,0.0,0.0
vals_elem_var304eb1,0.0,0.0,0.0
vals_elem_var305eb1,0.0,0.0,0.0
vals_elem_var306eb1,0.0,0.0,0.0
vals_elem_var307eb1,0.0,0.00024979591078373,0.0
vals_elem_var308eb1,1.110231494954629e-16,6.516126714249465e-06,1.7038212171761103e-11
vals_elem_var309eb1,2.220445784552517e-16,5.434212637033451e-07,4.086048767066029e-10
vals_elem_var310eb1,3.321046779594661e-17,2.801951628136295e-05,1.1852619960479615e-12
vals_elem_var311eb1,5.950538803359468e-17,1.3260877163277497e-06,4.487288985556639e-11
vals_elem_var312eb1,2.4740032444285198e-17,2.157555943197633e-06,1.1466693376960098e-11
vals_elem_var313eb1,0.0,0.0,0.0
vals_elem_var314eb1,0.0,0.0,0.0
vals_elem_var315eb1,0.0,0.0,0.0
vals_elem_var316eb1,0.0,0.0,0.0
vals_elem_var317eb1,0.0,0.0,0.0
vals_elem_var318eb1,0.0,0.0,0.0
vals_elem_var319eb1,0.0,0.0,0.0
vals_elem_var320eb1,0.0,0.0,0.0
vals_elem_var321eb1,0.0,0.0,0.0
vals_elem_var322eb1,0.0,0.0,0.0
vals_elem_var323eb1,0.0,0.0,0.0
vals_elem_var324eb1,0.0,0.0,0.0
vals_elem_var325eb1,5.421010862427522e-20,0.00027377460577380813,1.980099961099514e-16
vals_elem_var326eb1,3.3881317890172014e-21,1.5592849275743897e-05,2.172875354017402e-16
vals_elem_var327eb1,1.0587911840678754e-22,1.0361373654275558e-06,1.0218637213522086e-16
vals_elem_var328eb1,3.284454956273275e-17,2.8599352455874286e-05,1.1484368260927707e-12
vals_elem_var329eb1,1.3963708712401565e-17,8.288921182938234e-07,1.6846231740198245e-11
vals_elem_var330eb1,4.412406380484464e-18,1.3678429447071368e-06,3.2258136049597318e-12
vals_elem_var331eb1,0.0,0.0,0.0
vals_elem_var332eb1,0.0,0.0,0.0
vals_elem_var333eb1,0.0,0.0,0.0
vals_elem_var334eb1,0.0,0.0,0.0
vals_elem_var335eb1,0.0,0.0,0.0
vals_elem_var336eb1,0.0,0.0,0.0
vals_elem_var337eb1,0.0,0.0,0.0
vals_elem_var338eb1,0.0,0.0,0.0
vals_elem_var339eb1,0.0,0.0,0.0
vals_elem_var340eb1,0.0,0.0,0.0
vals_elem_var341eb1,0.0,0.0,0.0
vals_elem_var342eb1,0.0,0.0,0.0
vals_elem_var343eb1,1.1102230246251565e-16,0.0002531617336362059,4.385429854183848e-13
vals_elem_var344eb1,4.658681209898652e-21,4.944392798704101e-06,9.422150301488319e-16
vals_elem_var345eb1,1.1102251422075247e-16,1.6399425362644823e-06,6.769902710959824e-11
vals_elem_var346eb1,2.7592945289756088e-17,3.1368662874847076e-05,8.796340921461927e-13
vals_elem_var347eb1,7.106151147254431e-17,1.4762347742910552e-06,4.813699874172845e-11
vals_elem_var348eb1,2.8032925966295493e-17,2.299946426660103e-06,1.21885125850535e-11
vals_elem_var349eb1,0.0,0.0,0.0
vals_elem_var350eb1,0.0,0.0,0.0
vals_elem_var351eb1,0.0,0.0,0.0
vals_elem_var352eb1,0.0,0.0,0.0
vals_elem_var353eb1,0.0,0.0,0.0
vals_elem_var354eb1,0.0,0.0,0.0
vals_elem_var355eb1,0.0,0.0,0.0
vals_elem_var356eb1,0.0,0.0,0.0
vals_elem_var357eb1,0.0,0.0,0.0
vals_elem_var358eb1,0.0,0.0,0.0
vals_elem_var359eb1,0.0,0.0,0.0
vals_elem_var360eb1,0.0,0.0,0.0
vals_elem_var361eb1,0.0,0.0,0.0
vals_elem_var362eb1,0.0,0.0,0.0
vals_elem_var363eb1,0.0,0.0,0.0
vals_elem_var364eb1,0.0,0.0,0.0
vals_elem_var365eb1,0.0,0.0,0.0
vals_elem_var366eb1,0.0,0.0,0.0
vals_elem_var367eb1,0.0,0.0,0.0
vals_elem_var368eb1,0.0,0.0,0.0
vals_elem_var369eb1,0.0,0.0,0.0
vals_elem_var370eb1,0.0,0.0,0.0
vals_elem_var371eb1,0.0,0.0,0.0
vals_elem_var372eb1,0.0,0.0,0.0
vals_elem_var373eb1,0.0,0.0,0.0
vals_elem_var374eb1,0.0,0.0,0.0
vals_elem_var375eb1,0.0,0.0,0.0
vals_elem_var376eb1,0.0,0.0,0.0
vals_elem_var377eb1,0.0,0.0,0.0
vals_elem_var378eb1,0.0,0.0,0.0
vals_elem_var379eb1,0.0,0.0,0.0
vals_elem_var380eb1,0.0,0.0,0.0
vals_elem_var381eb1,0.0,0.0,0.0
vals_elem_var382eb1,0.0,0.0,0.0
vals_elem_var383eb1,0.0,0.0,0.0
vals_elem_var384eb1,0.0,0.0,0.0
vals_elem_var385eb1,0.0,0.0,0.0
vals_elem_var386eb1,0.0,0.0,0.0
vals_elem_var387eb1,0.0,0.0,0.0
vals_elem_var388eb1,0.0,0.0,0.0
vals_elem_var389eb1,0.0,0.0,0.0
vals_elem_var390eb1,0.0,0.0,0.0
vals_elem_var391eb1,0.0,0.0,0.0
vals_elem_var392eb1,0.0,0.0,0.0
vals_elem_var393eb1,0.0,0.0,0.0
vals_elem_var394eb1,0.0,0.0,0.0
vals_elem_var395eb1,0.0,0.0,0.0
vals_elem_var396eb1,0.0,0.0,0.0
vals_elem_var397eb1,0.0,0.0,0.0
vals_elem_var398eb1,0.0,0.0,0.0
vals_elem_var399eb1,0.0,0.0,0.0
vals_elem_var400eb1,0.0,0.0,0.0
vals_elem_var401eb1,0.0,0.0,0.0
vals_elem_var402eb1,0.0,0.0,0.0
vals_elem_var403eb1,0.0,0.0,0.0
vals_elem_var404eb1,0.0,0.0,0.0
vals_elem_var405eb1,0.0,0.0,0.0
vals_elem_var406eb1,0.0,0.0,0.0
vals_elem_var407eb1,0.0,0.0,0.0
vals_elem_var408eb1,0.0,0.0,0.0
vals_elem_var409eb1,0.0,0.0,0.0
vals_elem_var410eb1,0.0,0.0,0.0
vals_elem_var411eb1,0.0,0.0,0.0
vals_elem_var412eb1,0.0,0.0,0.0
vals_elem_var413eb1,0.0,0.0,0.0
vals_elem_var414eb1,0.0,0.0,0.0
vals_elem_var415eb1,0.0,0.0,0.0
vals_elem_var416eb1,0.0,0.0,0.0
vals_elem_var417eb1,0.0,0.0,0.0
vals_elem_var418eb1,0.0,0.0,0.0
vals_elem_var419eb1,0.0,0.0,0.0
vals_elem_var420eb1,0.0,0.0,0.0
vals_elem_var421eb1,0.0,0.0,0.0
vals_elem_var422eb1,0.0,0.0,0.0
vals_elem_var423eb1,0.0,0.0,0.0
vals_elem_var424eb1,0.0,0.0,0.0
vals_elem_var425eb1,0.0,0.0,0.0
vals_elem_var426eb1,0.0,0.0,0.0
vals_elem_var427eb1,0.0,0.0,0.0
vals_elem_var428eb1,0.0,0.0,0.0
vals_elem_var429eb1,0.0,0.0,0.0
vals_elem_var430eb1,0.0,0.0,0.0
vals_elem_var431eb1,0.0,0.0,0.0
vals_elem_var432eb1,0.0,0.0,0.0
vals_elem_var433eb1,0.0,0.0,0.0
vals_elem_var434eb1,0.0,0.0,0.0
vals_elem_var435eb1,0.0,0.0,0.0
vals_elem_var436eb1,0.0,0.0,0.0
vals_elem_var437eb1,0.0,0.0,0.0
vals_elem_var438eb1,0.0,0.0,0.0
vals_elem_var439eb1,0.0,0.0,0.0
vals_elem_var440eb1,0.0,0.0,0.0
vals_elem_var441eb1,0.0,0.0,0.0
vals_elem_var442eb1,0.0,0.0,0.0
vals_elem_var443eb1,0.0,0.0,0.0
vals_elem_var444eb1,0.0,0.0,0.0
vals_elem_var445eb1,0.0,0.0,0.0
vals_elem_var446eb1,0.0,0.0,0.0
vals_elem_var447eb1,0.0,0.0,0.0
vals_elem_var448eb1,0.0,0.0,0.0
vals_elem_var449eb1,0.0,0.0,0.0
vals_elem_var450eb1,0.0,0.0,0.0
vals_elem_var451eb1,0.0,0.0,0.0
vals_elem_var452eb1,0.0,0.0,0.0
vals_elem_var453eb1,0.0,0.0,0.0
vals_elem_var454eb1,0.0,0.0,0.0
vals_elem_var455eb1,0.0,0.0,0.0
vals_elem_var456eb1,0.0,0.0,0.0
vals_elem_var457eb1,0.0,0.0,0.0
vals_elem_var458eb1,0.0,0.0,0.0
vals_elem_var459eb1,0.0,0.0,0.0
vals_elem_var460eb1,0.0,0.0,0.0
vals_elem_var461eb1,0.0,0.0,0.0
vals_elem_var462eb1,0.0,0.0,0.0
vals_elem_var463eb1,0.0,0.0,0.0
vals_elem_var464eb1,0.0,0.0,0.0
vals_elem_var465eb1,0.0,0.0,0.0
vals_elem_var466eb1,0.0,0.0,0.0
vals_elem_var467eb1,0.0,0.0,0.0
vals_elem_var468eb1,0.0,0.0,0.0
vals_elem_var469eb1,0.0,0.0,0.0
vals_elem_var470eb1,0.0,0.0,0.0
vals_elem_var471eb1,0.0,0.0,0.0
vals_elem_var472eb1,0.0,0.0,0.0
vals_elem_var473eb1,0.0,0.0,0.0
vals_elem_var474eb1,0.0,0.0,0.0
vals_elem_var475eb1,0.0,0.0,0.0
vals_elem_var476eb1,0.0,0.0,0.0
vals_elem_var477eb1,0.0,0.0,0.0
vals_elem_var478eb1,0.0,0.0,0.0
vals_elem_var479eb1,0.0,0.0,0.0
vals_elem_var480eb1,0.0,0.0,0.0
vals_elem_var481eb1,0.0,0.0,0.0
vals_elem_var482eb1,0.0,0.0,0.0
vals_elem_var483eb1,0.0,0.0,0.0
vals_elem_var484eb1,0.0,0.0,0.0
vals_elem_var485eb1,0.0,0.0,0.0
vals_elem_var486eb1,0.0,0.0,0.0
vals_elem_var487eb1,0.0,0.0,0.0
vals_elem_var488eb1,0.0,0.0,0.0
vals_elem_var489eb1,0.0,0.0,0.0
vals_elem_var490eb1,0.0,0.0,0.0
vals_elem_var491eb1,0.0,0.0,0.0
vals_elem_var492eb1,0.0,0.0,0.0
vals_elem_var493eb1,0.0,0.0,0.0
vals_elem_var494eb1,0.0,0.0,0.0
vals_elem_var495eb1,0.0,0.0,0.0
vals_elem_var496eb1,0.0,0.0,0.0
vals_elem_var497eb1,0.0,0.0,0.0
vals_elem_var498eb1,0.0,0.0,0.0
vals_elem_var499eb1,0.0,0.0,0.0
vals_elem_var500eb1,0.0,0.0,0.0
vals_elem_var501eb1,0.0,0.0,0.0
vals_elem_var502eb1,0.0,0.0,0.0
vals_elem_var503eb1,0.0,0.0,0.0
vals_elem_var504eb1,0.0,0.0,0.0
vals_elem_var505eb1,0.0,0.0,0.0
vals_elem_var506eb1,0.0,0.0,0.0
vals_elem_var507eb1,0.0,0.0,0.0
vals_elem_var508eb1,0.0,0.0,0.0
vals_elem_var509eb1,0.0,0.0,0.0
vals_elem_var510eb1,0.0,0.0,0.0
vals_elem_var511eb1,0.0,0.0,0.0
vals_elem_var512eb1,0.0,0.0,0.0
vals_elem_var513eb1,0.0,0.0,0.0
vals_elem_var514eb1,0.0,0.0,0.0
vals_elem_var515eb1,0.0,0.0,0.0
vals_elem_var516eb1,0.0,0.0,0.0
vals_elem_var517eb1,0.0,0.0,0.0
vals_elem_var518eb1,0.0,0.0,0.0
vals_elem_var519eb1,0.0,0.0,0.0
vals_elem_var520eb1,0.0,0.0,0.0
vals_elem_var521eb1,0.0,0.0,0.0
vals_elem_var522eb1,0.0,0.0,0.0
vals_elem_var523eb1,0.0,0.0,0.0
vals_elem_var524eb1,0.0,0.0,0.0
vals_elem_var525eb1,0.0,0.0,0.0
vals_elem_var526eb1,0.0,0.0,0.0
vals_elem_var527eb1,0.0,0.0,0.0
vals_elem_var528eb1,0.0,0.0,0.0
vals_elem_var529eb1,0.0,0.0,0.0
vals_elem_var530eb1,0.0,0.0,0.0
vals_elem_var531eb1,0.0,0.0,0.0
vals_elem_var532eb1,0.0,0.0,0.0
vals_elem_var533eb1,0.0,0.0,0.0
vals_elem_var534eb1,0.0,0.0,0.0
vals_elem_var535eb1,0.0,0.0,0.0
vals_elem_var536eb1,0.0,0.0,0.0
vals_elem_var537eb1,0.0,0.0,0.0
vals_elem_var538eb1,0.0,0.0,0.0
vals_elem_var539eb1,0.0,0.0,0.0
vals_elem_var540eb1,0.0,0.0,0.0
vals_elem_var541eb1,0.0,0.0,0.0
vals_elem_var542eb1,0.0,0.0,0.0
vals_elem_var543eb1,0.0,0.0,0.0
vals_elem_var544eb1,0.0,0.0,0.0
vals_elem_var545eb1,0.0,0.0,0.0
vals_elem_var546eb1,0.0,0.0,0.0
vals_elem_var547eb1,0.0,0.0,0.0
vals_elem_var548eb1,0.0,0.0,0.0
vals_elem_var549eb1,0.0,0.0,0.0
vals_elem_var550eb1,0.0,0.0,0.0
vals_elem_var551eb1,0.0,0.0,0.0
vals_elem_var552eb1,0.0,0.0,0.0
vals_elem_var553eb1,0.0,0.0,0.0
vals_elem_var554eb1,0.0,0.0,0.0
vals_elem_var555eb1,0.0,0.0,0.0
vals_elem_var556eb1,0.0,0.0,0.0
vals_elem_var557eb1,0.0,0.0,0.0
vals_elem_var558eb1,0.0,0.0,0.0
vals_elem_var559eb1,0.0,0.0,0.0
vals_elem_var560eb1,0.0,0.0,0.0
vals_elem_var561eb1,0.0,0.0,0.0
vals_elem_var562eb1,0.0,0.0,0.0
vals_elem_var563eb1,0.0,0.0,0.0
vals_elem_var564eb1,0.0,0.0,0.0
vals_elem_var565eb1,0.0,0.0,0.0
vals_elem_var566eb1,0.0,0.0,0.0
vals_elem_var567eb1,0.0,0.0,0.0
vals_elem_var568eb1,0.0,0.0,0.0
vals_elem_var569eb1,0.0,0.0,0.0
vals_elem_var570eb1,0.0,0.0,0.0
vals_elem_var571eb1,0.0,0.0,0.0
vals_elem_var572eb1,0.0,0.0,0.0
vals_elem_var573eb1,0.0,0.0,0.0
vals_elem_var574eb1,0.0,0.0,0.0
vals_elem_var575eb1,0.0,0.0,0.0
vals_elem_var576eb1,0.0,0.0,0.0
vals_elem_var577eb1,0.0,0.0,0.0
vals_elem_var578eb1,0.0,0.0,0.0
vals_elem_var579eb1,0.0,0.0,0.0
vals_elem_var580eb1,0.0,0.0,0.0
vals_elem_var581eb1,0.0,0.0,0.0
vals_elem_var582eb1,0.0,0.0,0.0
vals_elem_var583eb1,0.0,0.0,0.0
vals_elem_var584eb1,0.0,0.0,0.0
vals_elem_var585eb1,0.0,0.0,0.0
vals_elem_var586eb1,0.0,0.0,0.0
vals_elem_var587eb1,0.0,0.0,0.0
vals_elem_var588eb1,0.0,0.0,0.0
vals_elem_var589eb1,0.0,0.0,0.0
vals_elem_var590eb1,0.0,0.0,0.0
vals_elem_var591eb1,0.0,0.0,0.0
vals_elem_var592eb1,0.0,0.0,0.0
vals_elem_var593eb1,0.0,0.0,0.0
vals_elem_var594eb1,0.0,0.0,0.0
vals_elem_var595eb1,0.0,0.0,0.0
vals_elem_var596eb1,0.0,0.0,0.0
vals_elem_var597eb1,0.0,0.0,0.0
vals_elem_var598eb1,0.0,0.0,0.0
vals_elem_var599eb1,0.0,0.0,0.0
vals_elem_var600eb1,0.0,0.0,0.0
vals_elem_var601eb1,0.0,0.0,0.0
vals_elem_var602eb1,0.0,0.0,0.0
vals_elem_var603eb1,0.0,0.0,0.0
vals_elem_var604eb1,0.0,0.0,0.0
vals_elem_var605eb1,0.0,0.0,0.0
vals_elem_var606eb1,0.0,0.0,0.0
vals_elem_var607eb1,0.0,0.0,0.0
vals_elem_var608eb1,0.0,0.0,0.0
vals_elem_var609eb1,0.0,0.0,0.0
vals_elem_var610eb1,0.0,0.0,0.0
vals_elem_var611eb1,0.0,0.0,0.0
vals_elem_var612eb1,0.0,0.0,0.0
vals_elem_var613eb1,0.0,0.0,0.0
vals_elem_var614eb1,0.0,0.0,0.0
vals_elem_var615eb1,0.0,0.0,0.0
vals_elem_var616eb1,0.0,0.0,0.0
vals_elem_var617eb1,0.0,0.0,0.0
vals_elem_var618eb1,0.0,0.0,0.0
vals_elem_var619eb1,0.0,0.0,0.0
vals_elem_var620eb1,0.0,0.0,0.0
vals_elem_var621eb1,0.0,0.0,0.0
vals_elem_var622eb1,0.0,0.0,0.0
vals_elem_var623eb1,0.0,0.0,0.0
vals_elem_var624eb1,0.0,0.0,0.0
vals_elem_var625eb1,0.0,0.0,0.0
vals_elem_var626eb1,0.0,0.0,0.0
vals_elem_var627eb1,0.0,0.0,0.0
vals_elem_var628eb1,0.0,0.0,0.0
vals_elem_var629eb1,0.0,0.0,0.0
vals_elem_var630eb1,0.0,0.0,0.0
vals_elem_var631eb1,0.0,0.0,0.0
vals_elem_var632eb1,0.0,0.0,0.0
vals_elem_var633eb1,0.0,0.0,0.0
vals_elem_var634eb1,0.0,0.0,0.0
vals_elem_var635eb1,0.0,0.0,0.0
vals_elem_var636eb1,0.0,0.0,0.0
vals_elem_var637eb1,0.0,0.0,0.0
vals_elem_var638eb1,0.0,0.0,0.0
vals_elem_var639eb1,0.0,0.0,0.0
vals_elem_var640eb1,0.0,0.0,0.0
vals_elem_var641eb1,0.0,0.0,0.0
vals_elem_var642eb1,0.0,0.0,0.0
vals_elem_var643eb1,0.0,0.0,0.0
vals_elem_var644eb1,0.0,0.0,0.0
vals_elem_var645eb1,0.0,0.0,0.0
vals_elem_var646eb1,0.0,0.0,0.0
vals_elem_var647eb1,0.0,0.0,0.0
vals_elem_var648eb1,0.0,0.0,0.0
vals_elem_var649eb1,0.0,0.0,0.0
vals_elem_var650eb1,0.0,0.0,0.0
vals_elem_var651eb1,0.0,0.0,0.0
vals_elem_var652eb1,0.0,0.0,0.0
vals_elem_var653eb1,0.0,0.0,0.0
vals_elem_var654eb1,0.0,0.0,0.0
vals_elem_var655eb1,0.0,0.0,0.0
vals_elem_var656eb1,0.0,0.0,0.0
vals_elem_var657eb1,0.0,0.0,0.0
vals_elem_var658eb1,0.0,0.0,0.0
vals_elem_var659eb1,0.0,0.0,0.0
vals_elem_var660eb1,0.0,0.0,0.0
vals_elem_var661eb1,0.0,0.0,0.0
vals_elem_var662eb1,0.0,0.0,0.0
vals_elem_var663eb1,0.0,0.0,0.0
vals_elem_var664eb1,0.0,0.0,0.0
vals_elem_var665eb1,0.0,0.0,0.0
vals_elem_var666eb1,0.0,0.0,0.0
vals_elem_var667eb1,0.0,0.0,0.0
vals_elem_var668eb1,0.0,0.0,0.0
vals_elem_var669eb1,0.0,0.0,0.0
vals_elem_var670eb1,0.0,0.0,0.0
vals_elem_var671eb1,0.0,0.0,0.0
vals_elem_var672eb1,0.0,0.0,0.0
vals_elem_var673eb1,0.0,0.0,0.0
vals_elem_var674eb1,0.0,0.0,0.0
vals_elem_var675eb1,0.0,0.0,0.0
vals_elem_var676eb1,0.0,0.0,0.0
vals_elem_var677eb1,0.0,0.0,0.0
vals_elem_var678eb1,0.0,0.0,0.0
vals_elem_var679eb1,0.0,0.0,0.0
vals_elem_var680eb1,0.0,0.0,0.0
vals_elem_var681eb1,0.0,0.0,0.0
vals_elem_var682eb1,0.0,0.0,0.0
vals_elem_var683eb1,0.0,0.0,0.0
vals_elem_var684eb1,0.0,0.0,0.0
vals_elem_var685eb1,0.0,0.0,0.0
vals_elem_var686eb1,0.0,0.0,0.0
vals_elem_var687eb1,0.0,0.0,0.0
vals_elem_var688eb1,0.0,0.0,0.0
vals_elem_var689eb1,0.0,0.0,0.0
vals_elem_var690eb1,0.0,0.0,0.0
vals_elem_var691eb1,0.0,0.0,0.0
vals_elem_var692eb1,0.0,0.0,0.0
vals_elem_var693eb1,0.0,0.0,0.0
vals_elem_var694eb1,0.0,0.0,0.0
vals_elem_var695eb1,0.0,0.0,0.0
vals_elem_var696eb1,0.0,0.0,0.0
vals_elem_var697eb1,0.0,0.0,0.0
vals_elem_var698eb1,0.0,0.0,0.0
vals_elem_var699eb1,0.0,0.0,0.0
vals_elem_var700eb1,0.0,0.0,0.0
vals_elem_var701eb1,0.0,0.0,0.0
vals_elem_var702eb1,0.0,0.0,0.0
vals_elem_var703eb1,2.7755575615628914e-17,0.21132486540518708,1.3134079400647587e-16
vals_elem_var704eb1,2.220446049250313e-16,1.6662411426694819,1.332607863525048e-16
vals_elem_var705eb1,5.551115123125783e-17,0.21132560095930272,2.6268067370572966e-16
vals_elem_var706eb1,0.0,0.788675134594813,0.0
vals_elem_var707eb1,1.1102230246251565e-16,1.6662743479752207,6.662906537415331e-17
vals_elem_var708eb1,5.551115123125783e-17,0.21132570522592156,2.6268054410093e-16
vals_elem_var709eb1,2.7755575615628914e-17,0.21132486540518716,1.313407940064758e-16
vals_elem_var710eb1,0.0,1.983785102341409,0.0
vals_elem_var711eb1,2.7755575615628914e-17,0.21132518570315048,1.3134059493797066e-16
vals_elem_var712eb1,0.0,0.788675134594813,0.0
vals_elem_var713eb1,1.1102230246251565e-16,1.9838161665529868,5.596400731798871e-17
vals_elem_var714eb1,5.551115123125783e-17,0.2113250548148737,2.626813525726377e-16
vals_elem_var715eb1,2.7755575615628914e-17,0.2113248654051872,1.313407940064758e-16
vals_elem_var716eb1,3.469446951953614e-18,1.6662411146679077,2.082199821749745e-18
vals_elem_var717eb1,1.1102230246251565e-16,0.7886754090920748,1.407705897541865e-16
vals_elem_var718eb1,0.0,0.7886751345948131,0.0
vals_elem_var719eb1,2.220446049250313e-16,1.666274236198073,1.332581396875397e-16
vals_elem_var720eb1,1.1102230246251565e-16,0.7886757680685619,1.407705256805407e-16
vals_elem_var721eb1,2.7755575615628914e-17,0.21132486540518725,1.3134079400647575e-16
vals_elem_var722eb1,2.220446049250313e-16,1.9837850704221178,1.1192976912452707e-16
vals_elem_var723eb1,1.1102230246251565e-16,0.7886753883495063,1.407705934565254e-16
vals_elem_var724eb1,0.0,0.7886751345948131,0.0
vals_elem_var725eb1,1.1102230246251565e-16,1.983816026875573,5.596401125832779e-17
vals_elem_var726eb1,1.1102230246251565e-16,0.7886760574801186,1.4077047402356876e-16
vals_elem_var727eb1,0.0,0.0,0.0
vals_elem_var728eb1,0.0,0.0,0.0
vals_elem_var729eb1,0.0,0.0,0.0
vals_elem_var730eb1,0.0,0.0,0.0
vals_elem_var731eb1,0.0,0.0,0.0
vals_elem_var732eb1,0.0,0.0,0.0
vals_elem_var733eb1,0.0,0.0,0.0
vals_elem_var734eb1,0.0,0.0,0.0
vals_elem_var735eb1,0.0,0.0,0.0
vals_elem_var736eb1,0.0,0.0,0.0
vals_elem_var737eb1,0.0,0.0,0.0
vals_elem_var738eb1,0.0,0.0,0.0
vals_elem_var739eb1,0.0,0.0,0.0
vals_elem_var740eb1,0.0,0.0,0.0
vals_elem_var741eb1,0.0,0.0,0.0
vals_elem_var742eb1,0.0,0.0,0.0
vals_elem_var743eb1,0.0,0.0,0.0
vals_elem_var744eb1,0.0,0.0,0.0
vals_elem_var745eb1,0.0,0.0,0.0
vals_elem_var746eb1,0.0,0.0,0.0
vals_elem_var747eb1,0.0,0.0,0.0
vals_elem_var748eb1,0.0,0.0,0.0
vals_elem_var749eb1,0.0,0.0,0.0
vals_elem_var750eb1,0.0,0.0,0.0
vals_elem_var751eb1,0.0,0.0,0.0
vals_elem_var752eb1,0.0,0.0,0.0
vals_elem_var753eb1,0.0,0.0,0.0
vals_elem_var754eb1,0.0,0.0,0.0
vals_elem_var755eb1,0.0,0.0,0.0
vals_elem_var756eb1,0.0,0.0,0.0
vals_elem_var757eb1,0.0,0.0,0.0
vals_elem_var758eb1,0.0,0.0,0.0
vals_elem_var759eb1,0.0,0.0,0.0
vals_elem_var760eb1,0.0,0.0,0.0
vals_elem_var761eb1,0.0,0.0,0.0
vals_elem_var762eb1,0.0,0.0,0.0
vals_elem_var763eb1,0.0,0.0,0.0
vals_elem_var764eb1,0.0,0.0,0.0
vals_elem_var765eb1,0.0,0.0,0.0
vals_elem_var766eb1,0.0,0.0,0.0
vals_elem_var767eb1,0.0,0.0,0.0
vals_elem_var768eb1,0.0,0.0,0.0
vals_elem_var769eb1,0.0,0.0,0.0
vals_elem_var770eb1,0.0,0.0,0.0
vals_elem_var771eb1,0.0,0.0,0.0
vals_elem_var772eb1,0.0,0.0,0.0
vals_elem_var773eb1,0.0,0.0,0.0
vals_elem_var774eb1,0.0,0.0,0.0
vals_elem_var775eb1,0.0,0.0,0.0
vals_elem_var776eb1,0.0,0.0,0.0
vals_elem_var777eb1,0.0,0.0,0.0
vals_elem_var778eb1,0.0,0.0,0.0
vals_elem_var779eb1,0.0,0.0,0.0
vals_elem_var780eb1,0.0,0.0,0.0
vals_elem_var781eb1,0.0,0.0,0.0
vals_elem_var782eb1,0.0,0.0,0.0
vals_elem_var783eb1,0.0,0.0,0.0
vals_elem_var784eb1,0.0,8.0,0.0
vals_elem_var1eb2,2.9103830456733704e-11,274545.54442172614,1.0600729477520733e-16
vals_elem_var2eb2,3.637978807091713e-12,5176.183287130518,7.028303684950214e-16
vals_elem_var3eb2,2.2204784499990637e-07,386.8190126531837,5.740354991262833e-10
vals_elem_var4eb2,2.2395397536456585e-08,24258.49743477976,9.231980503601998e-13
vals_elem_var5eb2,1.360911028314149e-08,1118.8988944570206,1.2162949083746947e-11
vals_elem_var6eb2,1.05355866253376e-08,2673.0016360207487,3.941481547696225e-12
vals_elem_var7eb2,1.1100200936198235e-07,291700.89114589704,3.8053366558439347e-13
vals_elem_var8eb2,9.094947017729282e-13,4713.99310645555,1.9293509371649824e-16
vals_elem_var9eb2,2.842170943040401e-14,95.3665953492737,2.9802583731034353e-16
vals_elem_var10eb2,1.6982085071504116e-08,22524.16250066615,7.539496783066573e-13
vals_elem_var11eb2,7.166704563132953e-09,348.88643047816026,2.0541654639049015e-11
vals_elem_var12eb2,8.070060175668914e-10,433.8092939612812,1.860278303855148e-12
vals_elem_var13eb2,5.820766091346741e-11,268771.32347257255,2.1656946195529434e-16
vals_elem_var14eb2,1.1101474228780717e-07,6246.413011501229,1.7772558760267834e-11
vals_elem_var15eb2,2.220477242076413e-07,57.084233499326636,3.889825799452322e-09
vals_elem_var16eb2,1.0000803740695119e-08,29401.81419140195,3.4014240330855774e-13
vals_elem_var17eb2,2.7590274953581684e-08,168.30753140130415,1.6392775013612906e-10
vals_elem_var18eb2,8.746155799599364e-09,1005.9529575947998,8.6943984145254e-12
vals_elem_var19eb2,0.0,255960.68382981388,0.0
vals_elem_var20eb2,1.1101656127721071e-07,5000.439599249431,2.220136031517596e-11
vals_elem_var21eb2,1.1101656127721071e-07,227.3663691780916,4.882716897777157e-10
vals_elem_var22eb2,5.460606189444661e-09,25480.3370526664,2.1430667020447573e-13
vals_elem_var23eb2,1.2960612805201777e-08,83.00352575243241,1.5614532861963357e-10
vals_elem_var24eb2,9.493192010268103e-09,167.91572123700783,5.6535456837116267e-11
vals_elem_var25eb2,1.1103111319243908e-07,274331.2340155798,4.0473376497163065e-13
vals_elem_var26eb2,1.1103475117124617e-07,5453.165747272085,2.0361521420248535e-11
vals_elem_var27eb2,1.1368683772161603e-13,1620.5655271062587,7.015257070451167e-17
vals_elem_var28eb2,1.9550498109310865e-08,24312.72790424678,8.041260604860353e-13
vals_elem_var29eb2,2.785486685752403e-08,613.0214541501874,4.543864928208486e-11
vals_elem_var30eb2,1.8010723579209298e-08,1349.0742889533744,1.3350431274753743e-11
vals_elem_var31eb2,1.1106021702289581e-07,292167.38861576194,3.801253026529748e-13
vals_elem_var32eb2,9.094947017729282e-13,4828.837699237927,1.8834650456702283e-16
vals_elem_var33eb2,0.0,894.9324380745278,0.0
vals_elem_var34eb2,2.0438164938241243e-08,22589.843329596635,9.047501852951624e-13
vals_elem_var35eb2,1.2629755019588629e-08,363.22091226743476,3.4771552498853664e-11
vals_elem_var36eb2,1.0598569133435376e-08,736.8898711280095,1.4382840026300532e-11
vals_elem_var37eb2,0.0,268763.1092801943,0.0
vals_elem_var38eb2,1.2732925824820995e-11,6640.164450861076,1.917561819296483e-15
vals_elem_var39eb2,2.220330088675837e-07,570.6381289647189,3.89095992008819e-10
vals_elem_var40eb2,2.2886524675413966e-08,29133.617602529986,7.855709849581634e-13
vals_elem_var41eb2,6.364973614836344e-08,195.86860808873934,3.2496139513855424e-10
vals_elem_var42eb2,1.541491201351164e-08,626.9565019588593,2.458689233678792e-11
vals_elem_var43eb2,0.0,256088.50232457893,0.0
vals_elem_var44eb2,3.410605131648481e-12,5146.569497909373,6.626948558712611e-16
vals_elem_var45eb2,2.842170943040401e-14,255.1539965076333,1.1139041449250327e-16
vals_elem_var46eb2,3.036984708160162e-08,25340.06032764383,1.1984915066863801e-12
vals_elem_var47eb2,5.972594863123959e-09,340.0670276841883,1.7562993106966422e-11
vals_elem_var48eb2,1.3277116295284941e-08,323.7104399473214,4.101540962795508e-11
vals_elem_var49eb2,0.0,0.0,0.0
vals_elem_var50eb2,0.0,0.0,0.0
vals_elem_var51eb2,0.0,0.0,0.0
vals_elem_var52eb2,0.0,0.0,0.0
vals_elem_var53eb2,0.0,0.0,0.0
vals_elem_var54eb2,0.0,0.0,0.0
vals_elem_var55eb2,0.0,0.0,0.0
vals_elem_var56eb2,0.0,0.0,0.0
vals_elem_var57eb2,0.0,0.0,0.0
vals_elem_var58eb2,0.0,0.0,0.0
vals_elem_var59eb2,0.0,0.0,0.0
vals_elem_var60eb2,0.0,0.0,0.0
vals_elem_var61eb2,0.0,0.0,0.0
vals_elem_var62eb2,0.0,0.0,0.0
vals_elem_var63eb2,0.0,0.0,0.0
vals_elem_var64eb2,0.0,0.0,0.0
vals_elem_var65eb2,0.0,0.0,0.0
vals_elem_var66eb2,0.0,0.0,0.0
vals_elem_var67eb2,0.0,0.0,0.0
vals_elem_var68eb2,0.0,0.0,0.0
vals_elem_var69eb2,0.0,0.0,0.0
vals_elem_var70eb2,0.0,0.0,0.0
vals_elem_var71eb2,0.0,0.0,0.0
vals_elem_var72eb2,0.0,0.0,0.0
vals_elem_var73eb2,0.0,0.0,0.0
vals_elem_var74eb2,0.0,0.0,0.0
vals_elem_var75eb2,0.0,0.0,0.0
vals_elem_var76eb2,0.0,0.0,0.0
vals_elem_var77eb2,0.0,0.0,0.0
vals_elem_var78eb2,0.0,0.0,0.0
vals_elem_var79eb2,0.0,0.0,0.0
vals_elem_var80eb2,0.0,0.0,0.0
vals_elem_var81eb2,0.0,0.0,0.0
vals_elem_var82eb2,0.0,0.0,0.0
vals_elem_var83eb2,0.0,0.0,0.0
vals_elem_var84eb2,0.0,0.0,0.0
vals_elem_var85eb2,0.0,0.0,0.0
vals_elem_var86eb2,0.0,0.0,0.0
vals_elem_var87eb2,0.0,0.0,0.0
vals_elem_var88eb2,0.0,0.0,0.0
vals_elem_var89eb2,0.0,0.0,0.0
vals_elem_var90eb2,0.0,0.0,0.0
vals_elem_var91eb2,0.0,0.0,0.0
vals_elem_var92eb2,0.0,0.0,0.0
vals_elem_var93eb2,0.0,0.0,0.0
vals_elem_var94eb2,0.0,0.0,0.0
vals_elem_var95eb2,0.0,0.0,0.0
vals_elem_var96eb2,0.0,0.0,0.0
vals_elem_var97eb2,0.0,0.0,0.0
vals_elem_var98eb2,0.0,0.0,0.0
vals_elem_var99eb2,0.0,0.0,0.0
vals_elem_var100eb2,0.0,0.0,0.0
vals_elem_var101eb2,0.0,0.0,0.0
vals_elem_var102eb2,0.0,0.0,0.0
vals_elem_var103eb2,0.0,0.0,0.0
vals_elem_var104eb2,0.0,0.0,0.0
vals_elem_var105eb2,0.0,0.0,0.0
vals_elem_var106eb2,0.0,0.0,0.0
vals_elem_var107eb2,0.0,0.0,0.0
vals_elem_var108eb2,0.0,0.0,0.0
vals_elem_var109eb2,0.0,0.0,0.0
vals_elem_var110eb2,0.0,0.0,0.0
vals_elem_var111eb2,0.0,0.0,0.0
vals_elem_var112eb2,0.0,0.0,0.0
vals_elem_var113eb2,0.0,0.0,0.0
vals_elem_var114eb2,0.0,0.0,0.0
vals_elem_var115eb2,0.0,0.0,0.0
vals_elem_var116eb2,0.0,0.0,0.0
vals_elem_var117eb2,0.0,0.0,0.0
vals_elem_var118eb2,0.0,0.0,0.0
vals_elem_var119eb2,0.0,0.0,0.0
vals_elem_var120eb2,0.0,0.0,0.0
vals_elem_var121eb2,0.0,0.0,0.0
vals_elem_var122eb2,0.0,0.0,0.0
vals_elem_var123eb2,0.0,0.0,0.0
vals_elem_var124eb2,0.0,0.0,0.0
vals_elem_var125eb2,0.0,0.0,0.0
vals_elem_var126eb2,0.0,0.0,0.0
vals_elem_var127eb2,0.0,0.0,0.0
vals_elem_var128eb2,0.0,0.0,0.0
vals_elem_var129eb2,0.0,0.0,0.0
vals_elem_var130eb2,0.0,0.0,0.0
vals_elem_var131eb2,0.0,0.0,0.0
vals_elem_var132eb2,0.0,0.0,0.0
vals_elem_var133eb2,0.0,0.0,0.0
vals_elem_var134eb2,0.0,0.0,0.0
vals_elem_var135eb2,0.0,0.0,0.0
vals_elem_var136eb2,0.0,0.0,0.0
vals_elem_var137eb2,0.0,0.0,0.0
vals_elem_var138eb2,0.0,0.0,0.0
vals_elem_var139eb2,0.0,0.0,0.0
vals_elem_var140eb2,0.0,0.0,0.0
vals_elem_var141eb2,0.0,0.0,0.0
vals_elem_var142eb2,0.0,0.0,0.0
vals_elem_var143eb2,0.0,0.0,0.0
vals_elem_var144eb2,0.0,0.0,0.0
vals_elem_var145eb2,0.0,0.0,0.0
vals_elem_var146eb2,0.0,0.0,0.0
vals_elem_var147eb2,0.0,0.0,0.0
vals_elem_var148eb2,0.0,0.0,0.0
vals_elem_var149eb2,0.0,0.0,0.0
vals_elem_var150eb2,0.0,0.0,0.0
vals_elem_var151eb2,0.0,0.0,0.0
vals_elem_var152eb2,0.0,0.0,0.0
vals_elem_var153eb2,0.0,0.0,0.0
vals_elem_var154eb2,0.0,0.0,0.0
vals_elem_var155eb2,0.0,0.0,0.0
vals_elem_var156eb2,0.0,0.0,0.0
vals_elem_var157eb2,0.0,0.0,0.0
vals_elem_var158eb2,0.0,0.0,0.0
vals_elem_var159eb2,0.0,0.0,0.0
vals_elem_var160eb2,0.0,0.0,0.0
vals_elem_var161eb2,0.0,0.0,0.0
vals_elem_var162eb2,0.0,0.0,0.0
vals_elem_var163eb2,0.0,0.0,0.0
vals_elem_var164eb2,0.0,0.0,0.0
vals_elem_var165eb2,0.0,0.0,0.0
vals_elem_var166eb2,0.0,0.0,0.0
vals_elem_var167eb2,0.0,0.0,0.0
vals_elem_var168eb2,0.0,0.0,0.0
vals_elem_var169eb2,0.0,0.0,0.0
vals_elem_var170eb2,0.0,0.0,0.0
vals_elem_var171eb2,0.0,0.0,0.0
vals_elem_var172eb2,0.0,0.0,0.0
vals_elem_var173eb2,0.0,0.0,0.0
vals_elem_var174eb2,0.0,0.0,0.0
vals_elem_var175eb2,0.0,0.0,0.0
vals_elem_var176eb2,0.0,0.0,0.0
vals_elem_var177eb2,0.0,0.0,0.0
vals_elem_var178eb2,0.0,0.0,0.0
vals_elem_var179eb2,0.0,0.0,0.0
vals_elem_var180eb2,0.0,0.0,0.0
vals_elem_var181eb2,0.0,0.0,0.0
vals_elem_var182eb2,0.0,0.0,0.0
vals_elem_var183eb2,0.0,0.0,0.0
vals_elem_var184eb2,0.0,0.0,0.0
vals_elem_var185eb2,0.0,0.0,0.0
vals_elem_var186eb2,0.0,0.0,0.0
vals_elem_var187eb2,0.0,0.0,0.0
vals_elem_var188eb2,0.0,0.0,0.0
vals_elem_var189eb2,0.0,0.0,0.0
vals_elem_var190eb2,0.0,0.0,0.0
vals_elem_var191eb2,0.0,0.0,0.0
vals_elem_var192eb2,0.0,0.0,0.0
vals_elem_var193eb2,0.0,0.0,0.0
vals_elem_var194eb2,0.0,0.0,0.0
vals_elem_var195eb2,0.0,0.0,0.0
vals_elem_var196eb2,0.0,0.0,0.0
vals_elem_var197eb2,0.0,0.0,0.0
vals_elem_var198eb2,0.0,0.0,0.0
vals_elem_var199eb2,0.0,0.0,0.0
vals_elem_var200eb2,0.0,0.0,0.0
vals_elem_var201eb2,0.0,0.0,0.0
vals_elem_var202eb2,0.0,0.0,0.0
vals_elem_var203eb2,0.0,0.0,0.0
vals_elem_var204eb2,0.0,0.0,0.0
vals_elem_var205eb2,0.0,0.0,0.0
vals_elem_var206eb2,0.0,0.0,0.0
vals_elem_var207eb2,0.0,0.0,0.0
vals_elem_var208eb2,0.0,0.0,0.0
vals_elem_var209eb2,0.0,0.0,0.0
vals_elem_var210eb2,0.0,0.0,0.0
vals_elem_var211eb2,0.0,0.0,0.0
vals_elem_var212eb2,0.0,0.0,0.0
vals_elem_var213eb2,0.0,0.0,0.0
vals_elem_var214eb2,0.0,0.0,0.0
vals_elem_var215eb2,0.0,0.0,0.0
vals_elem_var216eb2,0.0,0.0,0.0
vals_elem_var217eb2,0.0,0.00027454554442172613,0.0
vals_elem_var218eb2,8.470329472543003e-22,5.176183287130521e-06,1.6364044707618211e-16
vals_elem_var219eb2,2.220444461063537e-16,3.868190126531867e-07,5.740267123463081e-10
vals_elem_var220eb2,2.23955511254037e-17,2.4258497434779762e-05,9.232043817064644e-13
vals_elem_var221eb2,1.3609119544857233e-17,1.1188988944570202e-06,1.2162957361273891e-11
vals_elem_var222eb2,1.0536242830896242e-17,2.6730016360207486e-06,3.941727041582124e-12
vals_elem_var223eb2,0.0,0.0,0.0
vals_elem_var224eb2,0.0,0.0,0.0
vals_elem_var225eb2,0.0,0.0,0.0
vals_elem_var226eb2,0.0,0.0,0.0
vals_elem_var227eb2,0.0,0.0,0.0
vals_elem_var228eb2,0.0,0.0,0.0
vals_elem_var229eb2,0.0,0.0,0.0
vals_elem_var230eb2,0.0,0.0,0.0
vals_elem_var231eb2,0.0,0.0,0.0
vals_elem_var232eb2,0.0,0.0,0.0
vals_elem_var233eb2,0.0,0.0,0.0
vals_elem_var234eb2,0.0,0.0,0.0
vals_elem_var235eb2,1.1102230246251565e-16,0.00029170089114589697,3.8060323376587424e-13
vals_elem_var236eb2,1.6940658945086007e-21,4.713993106455543e-06,3.5936961642745607e-16
vals_elem_var237eb2,1.3234889800848443e-23,9.536659534927541e-08,1.3877909505289894e-16
vals_elem_var238eb2,1.6983010592448722e-17,2.252416250066615e-05,7.539907684446181e-13
vals_elem_var239eb2,7.166745766718635e-18,3.4888643047816033e-07,2.0541772739330603e-11
vals_elem_var240eb2,8.070106404965346e-19,4.338092939612812e-07,1.860288960449434e-12
vals_elem_var241eb2,0.0,0.0,0.0
vals_elem_var242eb2,0.0,0.0,0.0
vals_elem_var243eb2,0.0,0.0,0.0
vals_elem_var244eb2,0.0,0.0,0.0
vals_elem_var245eb2,0.0,0.0,0.0
vals_elem_var246eb2,0.0,0.0,0.0
vals_elem_var247eb2,0.0,0.0,0.0
vals_elem_var248eb2,0.0,0.0,0.0
vals_elem_var249eb2,0.0,0.0,0.0
vals_elem_var250eb2,0.0,0.0,0.0
vals_elem_var251eb2,0.0,0.0,0.0
vals_elem_var252eb2,0.0,0.0,0.0
vals_elem_var253eb2,2.710505431213761e-20,0.0002687713234725725,1.0084801444564683e-16
vals_elem_var254eb2,1.1102272597898928e-16,6.246413011501225e-06,1.7773836884395634e-11
vals_elem_var255eb2,2.220445718378068e-16,5.7084233499324945e-08,3.8897705763261695e-09
vals_elem_var256eb2,9.998376909389761e-18,2.9401814191401943e-05,3.4005986311938585e-13
vals_elem_var257eb2,2.7590285076906117e-17,1.6830753140130417e-07,1.6392781028390941e-10
vals_elem_var258eb2,8.746144575992685e-18,1.0059529575948e-06,8.694387257336989e-12
vals_elem_var259eb2,0.0,0.0,0.0
vals_elem_var260eb2,0.0,0.0,0.0
vals_elem_var261eb2,0.0,0.0,0.0
vals_elem_var262eb2,0.0,0.0,0.0
vals_elem_var263eb2,0.0,0.0,0.0
vals_elem_var264eb2,0.0,0.0,0.0
vals_elem_var265eb2,0.0,0.0,0.0
vals_elem_var266eb2,0.0,0.0,0.0
vals_elem_var267eb2,0.0,0.0,0.0
vals_elem_var268eb2,0.0,0.0,0.0
vals_elem_var269eb2,0.0,0.0,0.0
vals_elem_var270eb2,0.0,0.0,0.0
vals_elem_var271eb2,0.0,0.00025596068382981386,0.0
vals_elem_var272eb2,1.1102230246251565e-16,5.000439599249427e-06,2.2202508451293013e-11
vals_elem_var273eb2,1.1102238187185446e-16,2.2736636917809361e-07,4.882972898462913e-10
vals_elem_var274eb2,5.4616684438957286e-18,2.5480337052666396e-05,2.143483593881342e-13
vals_elem_var275eb2,1.296061263295265e-17,8.300352575243241e-08,1.5614532654443105e-10
vals_elem_var276eb2,9.493148226132173e-18,1.6791572123700784e-07,5.653519608645154e-11
vals_elem_var277eb2,0.0,0.0,0.0
vals_elem_var278eb2,0.0,0.0,0.0
vals_elem_var279eb2,0.0,0.0,0.0
vals_elem_var280eb2,0.0,0.0,0.0
vals_elem_var281eb2,0.0,0.0,0.0
vals_elem_var282eb2,0.0,0.0,0.0
vals_elem_var283eb2,0.0,0.0,0.0
vals_elem_var284eb2,0.0,0.0,0.0
vals_elem_var285eb2,0.0,0.0,0.0
vals_elem_var286eb2,0.0,0.0,0.0
vals_elem_var287eb2,0.0,0.0,0.0
vals_elem_var288eb2,0.0,0.0,0.0
vals_elem_var289eb2,1.1102230246251565e-16,0.0002743312340155798,4.047016478488573e-13
vals_elem_var290eb2,1.110231494954629e-16,5.453165747272083e-06,2.0359393908208576e-11
vals_elem_var291eb2,2.117582368135751e-22,1.6205655271062615e-06,1.3066934552884018e-16
vals_elem_var292eb2,1.9549520422629252e-17,2.4312727904246783e-05,8.040858475290416e-13
vals_elem_var293eb2,2.7854837289135277e-17,6.130214541501874e-07,4.543860104822852e-11
vals_elem_var294eb2,1.8010673315705002e-17,1.3490742889533746e-06,1.3350394016980238e-11
vals_elem_var295eb2,0.0,0.0,0.0
vals_elem_var296eb2,0.0,0.0,0.0
vals_elem_var297eb2,0.0,0.0,0.0
vals_elem_var298eb2,0.0,0.0,0.0
vals_elem_var299eb2,0.0,0.0,0.0
vals_elem_var300eb2,0.0,0.0,0.0
vals_elem_var301eb2,0.0,0.0,0.0
vals_elem_var302eb2,0.0,0.0,0.0
vals_elem_var303eb2,0.0,0.0,0.0
vals_elem_var304eb2,0.0,0.0,0.0
vals_elem_var305eb2,0.0,0.0,0.0
vals_elem_var306eb2,0.0,0.0,0.0
vals_elem_var307eb2,1.1107651257113993e-16,0.0002921673886157619,3.801810773522708e-13
vals_elem_var308eb2,4.235164736271502e-22,4.828837699237924e-06,8.77056757765929e-17
vals_elem_var309eb2,1.0587911840678754e-22,8.949324380745321e-07,1.1830962193591834e-16
vals_elem_var310eb2,2.043721095135176e-17,2.258984332959664e-05,9.047079545069462e-13
vals_elem_var311eb2,1.2629737699594449e-17,3.632209122674347e-07,3.477150481439059e-11
vals_elem_var312eb2,1.0598711510756247e-17,7.368898711280094e-07,1.4383033240139465e-11
vals_elem_var313eb2,0.0,0.0,0.0
vals_elem_var314eb2,0.0,0.0,0.0
vals_elem_var315eb2,0.0,0.0,0.0
vals_elem_var316eb2,0.0,0.0,0.0
vals_elem_var317eb2,0.0,0.0,0.0
vals_elem_var318eb2,0.0,0.0,0.0
vals_elem_var319eb2,0.0,0.0,0.0
vals_elem_var320eb2,0.0,0.0,0.0
vals_elem_var321eb2,0.0,0.0,0.0
vals_elem_var322eb2,0.0,0.0,0.0
vals_elem_var323eb2,0.0,0.0,0.0
vals_elem_var324eb2,0.0,0.0,0.0
vals_elem_var325eb2,0.0,0.00026876310928019426,0.0
vals_elem_var326eb2,1.6940658945086007e-21,6.640164450861072e-06,2.551240872187918e-16
vals_elem_var327eb2,2.220443931667945e-16,5.706381289647144e-07,3.8911594212892964e-10
vals_elem_var328eb2,2.2890218366600212e-17,2.9133617602529987e-05,7.856977694597188e-13
vals_elem_var329eb2,6.364973826477521e-17,1.958686080887393e-07,3.2496140594381705e-10
vals_elem_var330eb2,1.5414887909284995e-17,6.269565019588595e-07,2.4586853890378047e-11
vals_elem_var331eb2,0.0,0.0,0.0
vals_elem_var332eb2,0.0,0.0,0.0
vals_elem_var333eb2,0.0,0.0,0.0
vals_elem_var334eb2,0.0,0.0,0.0
vals_elem_var335eb2,0.0,0.0,0.0
vals_elem_var336eb2,0.0,0.0,0.0
vals_elem_var337eb2,0.0,0.0,0.0
vals_elem_var338eb2,0.0,0.0,0.0
vals_elem_var339eb2,0.0,0.0,0.0
vals_elem_var340eb2,0.0,0.0,0.0
vals_elem_var341eb2,0.0,0.0,0.0
vals_elem_var342eb2,0.0,0.0,0.0
vals_elem_var343eb2,0.0,0.000256088502324579,0.0
vals_elem_var344eb2,8.470329472543003e-22,5.146569497909371e-06,1.645820478278551e-16
vals_elem_var345eb2,0.0,2.551539965076374e-07,0.0
vals_elem_var346eb2,3.037121335675019e-17,2.534006032764383e-05,1.1985454242829016e-12
vals_elem_var347eb2,5.972588129767682e-18,3.4006702768418834e-07,1.7562973306880766e-11
vals_elem_var348eb2,1.327710909931315e-17,3.237104399473214e-07,4.101538739829887e-11
vals_elem_var349eb2,0.0,0.0,0.0
vals_elem_var350eb2,0.0,0.0,0.0
vals_elem_var351eb2,0.0,0.0,0.0
vals_elem_var352eb2,0.0,0.0,0.0
vals_elem_var353eb2,0.0,0.0,0.0
vals_elem_var354eb2,0.0,0.0,0.0
vals_elem_var355eb2,0.0,0.0,0.0
vals_elem_var356eb2,0.0,0.0,0.0
vals_elem_var357eb2,0.0,0.0,0.0
vals_elem_var358eb2,0.0,0.0,0.0
vals_elem_var359eb2,0.0,0.0,0.0
vals_elem_var360eb2,0.0,0.0,0.0
vals_elem_var361eb2,0.0,0.0,0.0
vals_elem_var362eb2,0.0,0.0,0.0
vals_elem_var363eb2,0.0,0.0,0.0
vals_elem_var364eb2,0.0,0.0,0.0
vals_elem_var365eb2,0.0,0.0,0.0
vals_elem_var366eb2,0.0,0.0,0.0
vals_elem_var367eb2,0.0,0.0,0.0
vals_elem_var368eb2,0.0,0.0,0.0
vals_elem_var369eb2,0.0,0.0,0.0
vals_elem_var370eb2,0.0,0.0,0.0
vals_elem_var371eb2,0.0,0.0,0.0
vals_elem_var372eb2,0.0,0.0,0.0
vals_elem_var373eb2,0.0,0.0,0.0
vals_elem_var374eb2,0.0,0.0,0.0
vals_elem_var375eb2,0.0,0.0,0.0
vals_elem_var376eb2,0.0,0.0,0.0
vals_elem_var377eb2,0.0,0.0,0.0
vals_elem_var378eb2,0.0,0.0,0.0
vals_elem_var379eb2,0.0,0.0,0.0
vals_elem_var380eb2,0.0,0.0,0.0
vals_elem_var381eb2,0.0,0.0,0.0
vals_elem_var382eb2,0.0,0.0,0.0
vals_elem_var383eb2,0.0,0.0,0.0
vals_elem_var384eb2,0.0,0.0,0.0
vals_elem_var385eb2,0.0,0.0,0.0
vals_elem_var386eb2,0.0,0.0,0.0
vals_elem_var387eb2,0.0,0.0,0.0
vals_elem_var388eb2,0.0,0.0,0.0
vals_elem_var389eb2,0.0,0.0,0.0
vals_elem_var390eb2,0.0,0.0,0.0
vals_elem_var391eb2,0.0,0.0,0.0
vals_elem_var392eb2,0.0,0.0,0.0
vals_elem_var393eb2,0.0,0.0,0.0
vals_elem_var394eb2,0.0,0.0,0.0
vals_elem_var395eb2,0.0,0.0,0.0
vals_elem_var396eb2,0.0,0.0,0.0
vals_elem_var397eb2,0.0,0.0,0.0
vals_elem_var398eb2,0.0,0.0,0.0
vals_elem_var399eb2,0.0,0.0,0.0
vals_elem_var400eb2,0.0,0.0,0.0
vals_elem_var401eb2,0.0,0.0,0.0
vals_elem_var402eb2,0.0,0.0,0.0
vals_elem_var403eb2,0.0,0.0,0.0
vals_elem_var404eb2,0.0,0.0,0.0
vals_elem_var405eb2,0.0,0.0,0.0
vals_elem_var406eb2,0.0,0.0,0.0
vals_elem_var407eb2,0.0,0.0,0.0
vals_elem_var408eb2,0.0,0.0,0.0
vals_elem_var409eb2,0.0,0.0,0.0
vals_elem_var410eb2,0.0,0.0,0.0
vals_elem_var411eb2,0.0,0.0,0.0
vals_elem_var412eb2,0.0,0.0,0.0
vals_elem_var413eb2,0.0,0.0,0.0
vals_elem_var414eb2,0.0,0.0,0.0
vals_elem_var415eb2,0.0,0.0,0.0
vals_elem_var416eb2,0.0,0.0,0.0
vals_elem_var417eb2,0.0,0.0,0.0
vals_elem_var418eb2,0.0,0.0,0.0
vals_elem_var419eb2,0.0,0.0,0.0
vals_elem_var420eb2,0.0,0.0,0.0
vals_elem_var421eb2,0.0,0.0,0.0
vals_elem_var422eb2,0.0,0.0,0.0
vals_elem_var423eb2,0.0,0.0,0.0
vals_elem_var424eb2,0.0,0.0,0.0
vals_elem_var425eb2,0.0,0.0,0.0
vals_elem_var426eb2,0.0,0.0,0.0
vals_elem_var427eb2,0.0,0.0,0.0
vals_elem_var428eb2,0.0,0.0,0.0
vals_elem_var429eb2,0.0,0.0,0.0
vals_elem_var430eb2,0.0,0.0,0.0
vals_elem_var431eb2,0.0,0.0,0.0
vals_elem_var432eb2,0.0,0.0,0.0
vals_elem_var433eb2,0.0,0.0,0.0
vals_elem_var434eb2,0.0,0.0,0.0
vals_elem_var435eb2,0.0,0.0,0.0
vals_elem_var436eb2,0.0,0.0,0.0
vals_elem_var437eb2,0.0,0.0,0.0
vals_elem_var438eb2,0.0,0.0,0.0
vals_elem_var439eb2,0.0,0.0,0.0
vals_elem_var440eb2,0.0,0.0,0.0
vals_elem_var441eb2,0.0,0.0,0.0
vals_elem_var442eb2,0.0,0.0,0.0
vals_elem_var443eb2,0.0,0.0,0.0
vals_elem_var444eb2,0.0,0.0,0.0
vals_elem_var445eb2,0.0,0.0,0.0
vals_elem_var446eb2,0.0,0.0,0.0
vals_elem_var447eb2,0.0,0.0,0.0
vals_elem_var448eb2,0.0,0.0,0.0
vals_elem_var449eb2,0.0,0.0,0.0
vals_elem_var450eb2,0.0,0.0,0.0
vals_elem_var451eb2,0.0,0.0,0.0
vals_elem_var452eb2,0.0,0.0,0.0
vals_elem_var453eb2,0.0,0.0,0.0
vals_elem_var454eb2,0.0,0.0,0.0
vals_elem_var455eb2,0.0,0.0,0.0
vals_elem_var456eb2,0.0,0.0,0.0
vals_elem_var457eb2,0.0,0.0,0.0
vals_elem_var458eb2,0.0,0.0,0.0
vals_elem_var459eb2,0.0,0.0,0.0
vals_elem_var460eb2,0.0,0.0,0.0
vals_elem_var461eb2,0.0,0.0,0.0
vals_elem_var462eb2,0.0,0.0,0.0
vals_elem_var463eb2,0.0,0.0,0.0
vals_elem_var464eb2,0.0,0.0,0.0
vals_elem_var465eb2,0.0,0.0,0.0
vals_elem_var466eb2,0.0,0.0,0.0
vals_elem_var467eb2,0.0,0.0,0.0
vals_elem_var468eb2,0.0,0.0,0.0
vals_elem_var469eb2,0.0,0.0,0.0
vals_elem_var470eb2,0.0,0.0,0.0
vals_elem_var471eb2,0.0,0.0,0.0
vals_elem_var472eb2,0.0,0.0,0.0
vals_elem_var473eb2,0.0,0.0,0.0
vals_elem_var474eb2,0.0,0.0,0.0
vals_elem_var475eb2,0.0,0.0,0.0
vals_elem_var476eb2,0.0,0.0,0.0
vals_elem_var477eb2,0.0,0.0,0.0
vals_elem_var478eb2,0.0,0.0,0.0
vals_elem_var479eb2,0.0,0.0,0.0
vals_elem_var480eb2,0.0,0.0,0.0
vals_elem_var481eb2,0.0,0.0,0.0
vals_elem_var482eb2,0.0,0.0,0.0
vals_elem_var483eb2,0.0,0.0,0.0
vals_elem_var484eb2,0.0,0.0,0.0
vals_elem_var485eb2,0.0,0.0,0.0
vals_elem_var486eb2,0.0,0.0,0.0
vals_elem_var487eb2,0.0,0.0,0.0
vals_elem_var488eb2,0.0,0.0,0.0
vals_elem_var489eb2,0.0,0.0,0.0
vals_elem_var490eb2,0.0,0.0,0.0
vals_elem_var491eb2,0.0,0.0,0.0
vals_elem_var492eb2,0.0,0.0,0.0
vals_elem_var493eb2,0.0,0.0,0.0
vals_elem_var494eb2,0.0,0.0,0.0
vals_elem_var495eb2,0.0,0.0,0.0
vals_elem_var496eb2,0.0,0.0,0.0
vals_elem_var497eb2,0.0,0.0,0.0
vals_elem_var498eb2,0.0,0.0,0.0
vals_elem_var499eb2,0.0,0.0,0.0
vals_elem_var500eb2,0.0,0.0,0.0
vals_elem_var501eb2,0.0,0.0,0.0
vals_elem_var502eb2,0.0,0.0,0.0
vals_elem_var503eb2,0.0,0.0,0.0
vals_elem_var504eb2,0.0,0.0,0.0
vals_elem_var505eb2,0.0,0.0,0.0
vals_elem_var506eb2,0.0,0.0,0.0
vals_elem_var507eb2,0.0,0.0,0.0
vals_elem_var508eb2,0.0,0.0,0.0
vals_elem_var509eb2,0.0,0.0,0.0
vals_elem_var510eb2,0.0,0.0,0.0
vals_elem_var511eb2,0.0,0.0,0.0
vals_elem_var512eb2,0.0,0.0,0.0
vals_elem_var513eb2,0.0,0.0,0.0
vals_elem_var514eb2,0.0,0.0,0.0
vals_elem_var515eb2,0.0,0.0,0.0
vals_elem_var516eb2,0.0,0.0,0.0
vals_elem_var517eb2,0.0,0.0,0.0
vals_elem_var518eb2,0.0,0.0,0.0
vals_elem_var519eb2,0.0,0.0,0.0
vals_elem_var520eb2,0.0,0.0,0.0
vals_elem_var521eb2,0.0,0.0,0.0
vals_elem_var522eb2,0.0,0.0,0.0
vals_elem_var523eb2,0.0,0.0,0.0
vals_elem_var524eb2,0.0,0.0,0.0
vals_elem_var525eb2,0.0,0.0,0.0
vals_elem_var526eb2,0.0,0.0,0.0
vals_elem_var527eb2,0.0,0.0,0.0
vals_elem_var528eb2,0.0,0.0,0.0
vals_elem_var529eb2,0.0,0.0,0.0
vals_elem_var530eb2,0.0,0.0,0.0
vals_elem_var531eb2,0.0,0.0,0.0
vals_elem_var532eb2,0.0,0.0,0.0
vals_elem_var533eb2,0.0,0.0,0.0
vals_elem_var534eb2,0.0,0.0,0.0
vals_elem_var535eb2,0.0,0.0,0.0
vals_elem_var536eb2,0.0,0.0,0.0
vals_elem_var537eb2,0.0,0.0,0.0
vals_elem_var538eb2,0.0,0.0,0.0
vals_elem_var539eb2,0.0,0.0,0.0
vals_elem_var540eb2,0.0,0.0,0.0
vals_elem_var541eb2,0.0,0.0,0.0
vals_elem_var542eb2,0.0,0.0,0.0
vals_elem_var543eb2,0.0,0.0,0.0
vals_elem_var544eb2,0.0,0.0,0.0
vals_elem_var545eb2,0.0,0.0,0.0
vals_elem_var546eb2,0.0,0.0,0.0
vals_elem_var547eb2,0.0,0.0,0.0
vals_elem_var548eb2,0.0,0.0,0.0
vals_elem_var549eb2,0.0,0.0,0.0
vals_elem_var550eb2,0.0,0.0,0.0
vals_elem_var551eb2,0.0,0.0,0.0
vals_elem_var552eb2,0.0,0.0,0.0
vals_elem_var553eb2,0.0,0.0,0.0
vals_elem_var554eb2,0.0,0.0,0.0
vals_elem_var555eb2,0.0,0.0,0.0
vals_elem_var556eb2,0.0,0.0,0.0
vals_elem_var557eb2,0.0,0.0,0.0
vals_elem_var558eb2,0.0,0.0,0.0
vals_elem_var559eb2,0.0,0.0,0.0
vals_elem_var560eb2,0.0,0.0,0.0
vals_elem_var561eb2,0.0,0.0,0.0
vals_elem_var562eb2,0.0,0.0,0.0
vals_elem_var563eb2,0.0,0.0,0.0
vals_elem_var564eb2,0.0,0.0,0.0
vals_elem_var565eb2,0.0,0.0,0.0
vals_elem_var566eb2,0.0,0.0,0.0
vals_elem_var567eb2,0.0,0.0,0.0
vals_elem_var568eb2,0.0,0.0,0.0
vals_elem_var569eb2,0.0,0.0,0.0
vals_elem_var570eb2,0.0,0.0,0.0
vals_elem_var571eb2,0.0,0.0,0.0
vals_elem_var572eb2,0.0,0.0,0.0
vals_elem_var573eb2,0.0,0.0,0.0
vals_elem_var574eb2,0.0,0.0,0.0
vals_elem_var575eb2,0.0,0.0,0.0
vals_elem_var576eb2,0.0,0.0,0.0
vals_elem_var577eb2,0.0,0.0,0.0
vals_elem_var578eb2,0.0,0.0,0.0
vals_elem_var579eb2,0.0,0.0,0.0
vals_elem_var580eb2,0.0,0.0,0.0
vals_elem_var581eb2,0.0,0.0,0.0
vals_elem_var582eb2,0.0,0.0,0.0
vals_elem_var583eb2,0.0,0.0,0.0
vals_elem_var584eb2,0.0,0.0,0.0
vals_elem_var585eb2,0.0,0.0,0.0
vals_elem_var586eb2,0.0,0.0,0.0
vals_elem_var587eb2,0.0,0.0,0.0
vals_elem_var588eb2,0.0,0.0,0.0
vals_elem_var589eb2,0.0,0.0,0.0
vals_elem_var590eb2,0.0,0.0,0.0
vals_elem_var591eb2,0.0,0.0,0.0
vals_elem_var592eb2,0.0,0.0,0.0
vals_elem_var593eb2,0.0,0.0,0.0
vals_elem_var594eb2,0.0,0.0,0.0
vals_elem_var595eb2,0.0,0.0,0.0
vals_elem_var596eb2,0.0,0.0,0.0
vals_elem_var597eb2,0.0,0.0,0.0
vals_elem_var598eb2,0.0,0.0,0.0
vals_elem_var599eb2,0.0,0.0,0.0
vals_elem_var600eb2,0.0,0.0,0.0
vals_elem_var601eb2,0.0,0.0,0.0
vals_elem_var602eb2,0.0,0.0,0.0
vals_elem_var603eb2,0.0,0.0,0.0
vals_elem_var604eb2,0.0,0.0,0.0
vals_elem_var605eb2,0.0,0.0,0.0
vals_elem_var606eb2,0.0,0.0,0.0
vals_elem_var607eb2,0.0,0.0,0.0
vals_elem_var608eb2,0.0,0.0,0.0
vals_elem_var609eb2,0.0,0.0,0.0
vals_elem_var610eb2,0.0,0.0,0.0
vals_elem_var611eb2,0.0,0.0,0.0
vals_elem_var612eb2,0.0,0.0,0.0
vals_elem_var613eb2,0.0,0.0,0.0
vals_elem_var614eb2,0.0,0.0,0.0
vals_elem_var615eb2,0.0,0.0,0.0
vals_elem_var616eb2,0.0,0.0,0.0
vals_elem_var617eb2,0.0,0.0,0.0
vals_elem_var618eb2,0.0,0.0,0.0
vals_elem_var619eb2,0.0,0.0,0.0
vals_elem_var620eb2,0.0,0.0,0.0
vals_elem_var621eb2,0.0,0.0,0.0
vals_elem_var622eb2,0.0,0.0,0.0
vals_elem_var623eb2,0.0,0.0,0.0
vals_elem_var624eb2,0.0,0.0,0.0
vals_elem_var625eb2,0.0,0.0,0.0
vals_elem_var626eb2,0.0,0.0,0.0
vals_elem_var627eb2,0.0,0.0,0.0
vals_elem_var628eb2,0.0,0.0,0.0
vals_elem_var629eb2,0.0,0.0,0.0
vals_elem_var630eb2,0.0,0.0,0.0
vals_elem_var631eb2,0.0,0.0,0.0
vals_elem_var632eb2,0.0,0.0,0.0
vals_elem_var633eb2,0.0,0.0,0.0
vals_elem_var634eb2,0.0,0.0,0.0
vals_elem_var635eb2,0.0,0.0,0.0
vals_elem_var636eb2,0.0,0.0,0.0
vals_elem_var637eb2,0.0,0.0,0.0
vals_elem_var638eb2,0.0,0.0,0.0
vals_elem_var639eb2,0.0,0.0,0.0
vals_elem_var640eb2,0.0,0.0,0.0
vals_elem_var641eb2,0.0,0.0,0.0
vals_elem_var642eb2,0.0,0.0,0.0
vals_elem_var643eb2,0.0,0.0,0.0
vals_elem_var644eb2,0.0,0.0,0.0
vals_elem_var645eb2,0.0,0.0,0.0
vals_elem_var646eb2,0.0,0.0,0.0
vals_elem_var647eb2,0.0,0.0,0.0
vals_elem_var648eb2,0.0,0.0,0.0
vals_elem_var649eb2,0.0,0.0,0.0
vals_elem_var650eb2,0.0,0.0,0.0
vals_elem_var651eb2,0.0,0.0,0.0
vals_elem_var652eb2,0.0,0.0,0.0
vals_elem_var653eb2,0.0,0.0,0.0
vals_elem_var654eb2,0.0,0.0,0.0
vals_elem_var655eb2,0.0,0.0,0.0
vals_elem_var656eb2,0.0,0.0,0.0
vals_elem_var657eb2,0.0,0.0,0.0
vals_elem_var658eb2,0.0,0.0,0.0
vals_elem_var659eb2,0.0,0.0,0.0
vals_elem_var660eb2,0.0,0.0,0.0
vals_elem_var661eb2,0.0,0.0,0.0
vals_elem_var662eb2,0.0,0.0,0.0
vals_elem_var663eb2,0.0,0.0,0.0
vals_elem_var664eb2,0.0,0.0,0.0
vals_elem_var665eb2,0.0,0.0,0.0
vals_elem_var666eb2,0.0,0.0,0.0
vals_elem_var667eb2,0.0,0.0,0.0
vals_elem_var668eb2,0.0,0.0,0.0
vals_elem_var669eb2,0.0,0.0,0.0
vals_elem_var670eb2,0.0,0.0,0.0
vals_elem_var671eb2,0.0,0.0,0.0
vals_elem_var672eb2,0.0,0.0,0.0
vals_elem_var673eb2,0.0,0.0,0.0
vals_elem_var674eb2,0.0,0.0,0.0
vals_elem_var675eb2,0.0,0.0,0.0
vals_elem_var676eb2,0.0,0.0,0.0
vals_elem_var677eb2,0.0,0.0,0.0
vals_elem_var678eb2,0.0,0.0,0.0
vals_elem_var679eb2,0.0,0.0,0.0
vals_elem_var680eb2,0.0,0.0,0.0
vals_elem_var681eb2,0.0,0.0,0.0
vals_elem_var682eb2,0.0,0.0,0.0
vals_elem_var683eb2,0.0,0.0,0.0
vals_elem_var684eb2,0.0,0.0,0.0
vals_elem_var685eb2,0.0,0.0,0.0
vals_elem_var686eb2,0.0,0.0,0.0
vals_elem_var687eb2,0.0,0.0,0.0
vals_elem_var688eb2,0.0,0.0,0.0
vals_elem_var689eb2,0.0,0.0,0.0
vals_elem_var690eb2,0.0,0.0,0.0
vals_elem_var691eb2,0.0,0.0,0.0
vals_elem_var692eb2,0.0,0.0,0.0
vals_elem_var693eb2,0.0,0.0,0.0
vals_elem_var694eb2,0.0,0.0,0.0
vals_elem_var695eb2,0.0,0.0,0.0
vals_elem_var696eb2,0.0,0.0,0.0
vals_elem_var697eb2,0.0,0.0,0.0
vals_elem_var698eb2,0.0,0.0,0.0
vals_elem_var699eb2,0.0,0.0,0.0
vals_elem_var700eb2,0.0,0.0,0.0
vals_elem_var701eb2,0.0,0.0,0.0
vals_elem_var702eb2,0.0,0.0,0.0
vals_elem_var703eb2,0.0,1.2113248654051876,0.0
vals_elem_var704eb2,2.220446049250313e-16,1.3691365083172233,1.6217857282758577e-16
vals_elem_var705eb2,0.0,0.2113248994350668,0.0
vals_elem_var706eb2,0.0,1.7886751345948133,0.0
vals_elem_var707eb2,5.551115123125783e-17,1.369172657578545,4.054357273642337e-17
vals_elem_var708eb2,2.7755575615628914e-17,0.21132487617512705,1.313407873128367e-16
vals_elem_var709eb2,0.0,1.2113248654051876,0.0
vals_elem_var710eb2,1.1102230246251565e-16,1.8310147254366287,6.063430343851603e-17
vals_elem_var711eb2,2.7755575615628914e-17,0.21132487208770873,1.313407898532132e-16
vals_elem_var712eb2,0.0,1.788675134594813,0.0
vals_elem_var713eb2,0.0,1.8310527050653964,0.0
vals_elem_var714eb2,2.7755575615628914e-17,0.21132489076238878,1.313407782466901e-16
vals_elem_var715eb2,0.0,1.2113248654051874,0.0
vals_elem_var716eb2,2.220446049250313e-16,1.369136461698055,1.6217857834977469e-16
vals_elem_var717eb2,1.1102230246251565e-16,0.7886757481042267,1.407705292439696e-16
vals_elem_var718eb2,0.0,1.7886751345948133,0.0
vals_elem_var719eb2,0.0,1.3691726339709993,0.0
vals_elem_var720eb2,0.0,0.7886752018035273,0.0
vals_elem_var721eb2,0.0,1.2113248654051874,0.0
vals_elem_var722eb2,1.1102230246251565e-16,1.8310145940050628,6.063430779089065e-17
vals_elem_var723eb2,0.0,0.7886752828115574,0.0
vals_elem_var724eb2,0.0,1.7886751345948133,0.0
vals_elem_var725eb2,2.220446049250313e-16,1.8310526754302232,1.2126609349065277e-16
vals_elem_var726eb2,1.1102230246251565e-16,0.788675134594813,1.4077063874919056e-16
vals_elem_var727eb2,0.0,0.0,0.0
vals_elem_var728eb2,0.0,0.0,0.0
vals_elem_var729eb2,0.0,0.0,0.0
vals_elem_var730eb2,0.0,0.0,0.0
vals_elem_var731eb2,0.0,0.0,0.0
vals_elem_var732eb2,0.0,0.0,0.0
vals_elem_var733eb2,0.0,0.0,0.0
vals_elem_var734eb2,0.0,0.0,0.0
vals_elem_var735eb2,0.0,0.0,0.0
vals_elem_var736eb2,0.0,0.0,0.0
vals_elem_var737eb2,0.0,0.0,0.0
vals_elem_var738eb2,0.0,0.0,0.0
vals_elem_var739eb2,0.0,0.0,0.0
vals_elem_var740eb2,0.0,0.0,0.0
vals_elem_var741eb2,0.0,0.0,0.0
vals_elem_var742eb2,0.0,0.0,0.0
vals_elem_var743eb2,0.0,0.0,0.0
vals_elem_var744eb2,0.0,0.0,0.0
vals_elem_var745eb2,0.0,0.0,0.0
vals_elem_var746eb2,0.0,0.0,0.0
vals_elem_var747eb2,0.0,0.0,0.0
vals_elem_var748eb2,0.0,0.0,0.0
vals_elem_var749eb2,0.0,0.0,0.0
vals_elem_var750eb2,0.0,0.0,0.0
vals_elem_var751eb2,0.0,0.0,0.0
vals_elem_var752eb2,0.0,0.0,0.0
vals_elem_var753eb2,0.0,0.0,0.0
vals_elem_var754eb2,0.0,0.0,0.0
vals_elem_var755eb2,0.0,0.0,0.0
vals_elem_var756eb2,0.0,0.0,0.0
vals_elem_var757eb2,0.0,0.0,0.0
vals_elem_var758eb2,0.0,0.0,0.0
vals_elem_var759eb2,0.0,0.0,0.0
vals_elem_var760eb2,0.0,0.0,0.0
vals_elem_var761eb2,0.0,0.0,0.0
vals_elem_var762eb2,0.0,0.0,0.0
vals_elem_var763eb2,0.0,0.0,0.0
vals_elem_var764eb2,0.0,0.0,0.0
vals_elem_var765eb2,0.0,0.0,0.0
vals_elem_var766eb2,0.0,0.0,0.0
vals_elem_var767eb2,0.0,0.0,0.0
vals_elem_var768eb2,0.0,0.0,0.0
vals_elem_var769eb2,0.0,0.0,0.0
vals_elem_var770eb2,0.0,0.0,0.0
vals_elem_var771eb2,0.0,0.0,0.0
vals_elem_var772eb2,0.0,0.0,0.0
vals_elem_var773eb2,0.0,0.0,0.0
vals_elem_var774eb2,0.0,0.0,0.0
vals_elem_var775eb2,0.0,0.0,0.0
vals_elem_var776eb2,0.0,0.0,0.0
vals_elem_var777eb2,0.0,0.0,0.0
vals_elem_var778eb2,0.0,0.0,0.0
vals_elem_var779eb2,0.0,0.0,0.0
vals_elem_var780eb2,0.0,0.0,0.0
vals_elem_var781eb2,0.0,0.0,0.0
vals_elem_var782eb2,0.0,0.0,0.0
vals_elem_var783eb2,0.0,0.0,0.0
vals_elem_var784eb2,0.0,8.0,0.0
