time,node,temperature,ur,uz,rf_r,rf_z,reaction_heat
1.0,1,601.2091124612411,-7.3224058119875891e-48,-3.3992035250716856e-46,-0.0088072216750108828,0.65133616265346506,0.0
1.0,2,601.1863267852201,8.2486876679343085e-09,-2.3467809381021644e-36,0.0,3.6137491014787337,0.0
1.0,3,601.1841452231931,8.0376621908202296e-09,1.8706248954985985e-08,0.0,0.0,0.0
1.0,4,601.2073246897897,5.4565800417887749e-39,1.8710069153424992e-08,0.0033506421974781432,0.0,0.0
1.0,5,601.129898365845,1.5971741858787636e-08,-3.2236727450171328e-36,0.0,6.090525071270867,0.0
1.0,6,601.1265838336066,1.5824789114034444e-08,1.8753284851699143e-08,0.0,0.0,0.0
1.0,7,601.0278248710142,2.2923270469158589e-08,-2.5616034737824021e-36,0.0,6.2379095488791982,0.0
1.0,8,601.021838315356,2.2766613091111705e-08,1.8875795790024712e-08,0.0,0.0,0.0
1.0,9,600.8635262491432,2.8503630123333036e-08,8.3239481003711017e-37,0.0,2.0311321042757435,0.0
1.0,10,600.8512713876638,2.8303120781008549e-08,1.9062087137882727e-08,0.0,0.0,0.0
1.0,11,600.6115876255254,3.1847465539627187e-08,8.6308636496696813e-36,0.0,-9.3906120821210486,0.0
1.0,12,600.5837636626546,3.1639459446973827e-08,1.9313462379269892e-08,0.0,0.0,0.0
1.0,13,600.2362300265373,3.1822116672733852e-08,2.8646960350946546e-45,0.0,-9.2340399064355569,0.0
1.0,14,600.1668489193108,3.1430178118146956e-08,1.9543330198974707e-08,0.0,0.0,0.0
1.0,15,601.1822907033915,7.9009780481841842e-09,3.8289570739975734e-08,0.0,0.0,0.0
1.0,16,601.205721903739,4.7364788794732323e-38,3.8297301726635296e-08,-0.041908209919914542,0.0,0.0
1.0,17,601.1241076969214,1.5193889153747248e-08,3.8201936227096097e-08,0.0,0.0,0.0
1.0,18,601.018323316003,2.1823904604580394e-08,3.8062976601782631e-08,0.0,0.0,0.0
1.0,19,600.8466861258684,2.7196911143990496e-08,3.7995176447948332e-08,0.0,0.0,0.0
1.0,20,600.5803986183515,3.0357283975207878e-08,3.8086314402150698e-08,0.0,0.0,0.0
1.0,21,600.1768926132169,3.0028759932020954e-08,3.8572683163006685e-08,0.0,0.0,0.0
1.0,22,601.1839374494791,6.3137000686467238e-09,6.3522847319710938e-08,0.0,0.0,0.0
1.0,23,601.20713414894,-2.1851960765899392e-37,6.4234944937961128e-08,0.26588429447101636,0.0,0.0
1.0,24,601.1263337405957,1.2946793699478538e-08,6.2038549607146939e-08,0.0,0.0,0.0
1.0,25,601.0215139399188,1.9147112410125798e-08,5.9975172724530286e-08,0.0,0.0,0.0
1.0,26,600.850837177168,2.4457155138484816e-08,5.773850822066502e-08,0.0,0.0,0.0
1.0,27,600.5831954986498,2.8141547205384628e-08,5.588949058531526e-08,0.0,0.0,0.0
1.0,28,600.166191327957,2.870053399528428e-08,5.4611384251699488e-08,0.0,0.0,0.0
1.0,29,601.1860127356113,1.0110579948318351e-08,9.0576265298622973e-08,0.0,0.0,0.0
1.0,30,601.2088289507444,-8.8691123139384621e-47,9.1993543653149454e-08,-0.21852001140931171,0.0,0.0
1.0,31,601.1295051007057,1.9049028627967552e-08,8.7468055486230833e-08,0.0,0.0,0.0
1.0,32,601.0272750641591,2.6959387880979617e-08,8.2715733724202591e-08,0.0,0.0,0.0
1.0,33,600.8626870705788,3.3311304968387481e-08,7.6569022670567955e-08,0.0,0.0,0.0
1.0,34,600.6102066852593,3.7393890997282625e-08,6.9795730757693112e-08,0.0,0.0,0.0
1.0,35,600.2337856239941,3.8321466162850673e-08,6.4789839274119077e-08,0.0,0.0,0.0
1.0,36,600.2238429120774,0.0,0.0,0.0,-0,0.0
1.0,37,600.1060383855973,0.0,0.0,0.0,-0,0.0
1.0,38,600.0735053082376,0.0,0.0,0.0,0.0,0.0
1.0,39,600.1504134176283,0.0,0.0,0.0,0.0,0.0
1.0,40,600.0,0.0,0.0,0.0,-0,-0.15244235716853655
1.0,41,600.0,0.0,0.0,0.0,0.0,-0.25642482800921906
1.0,42,600.0784495311083,0.0,0.0,0.0,0.0,0.0
1.0,43,600.163640057865,0.0,0.0,0.0,0.0,0.0
1.0,44,600.0,0.0,0.0,0.0,0.0,-0.24921917140056005
1.0,45,600.0785960395141,0.0,0.0,0.0,0.0,0.0
1.0,46,600.1640012456586,0.0,0.0,0.0,0.0,0.0
1.0,47,600.0,0.0,0.0,0.0,0.0,-0.24914269625982616
1.0,48,600.0729431773723,0.0,0.0,0.0,0.0,0.0
1.0,49,600.149216684476,0.0,0.0,0.0,0.0,0.0
1.0,50,600.0,0.0,0.0,0.0,0.0,-0.25485657673179096
1.0,51,600.1052004812966,0.0,0.0,0.0,0.0,0.0
1.0,52,600.2220970775701,0.0,0.0,0.0,0.0,0.0
1.0,53,600.0,0.0,0.0,0.0,0.0,-0.15124798191877176
2.0,1,604.4696599117012,-4.9607047608564962e-47,-4.9819468160640823e-46,-0.034281905664951172,2.5187343692858302,0.0
2.0,2,604.3739229387241,3.0443481816656256e-08,-9.0128241849273502e-36,0.0,13.908299414216089,0.0
2.0,3,604.3639599942107,2.9617171350647478e-08,6.7145597179023436e-08,0.0,0.0,0.0
2.0,4,604.461323578132,1.7920020953331394e-38,6.7168040360782496e-08,0.016361870504179074,0.0,0.0
2.0,5,604.1401625199042,5.8738001283157407e-08,-1.2198074069623109e-35,0.0,23.18695293240733,0.0
2.0,6,604.1256111613002,5.8155397192193494e-08,6.730807524660556e-08,0.0,0.0,0.0
2.0,7,603.7277376509696,8.389061538691389e-08,-9.3650420354559586e-36,0.0,23.233363306275546,0.0
2.0,8,603.7027161581311,8.3275344281759792e-08,6.7751144135873616e-08,0.0,0.0,0.0
2.0,9,603.0866678581294,1.0365003102888317e-07,3.6234141929166157e-36,0.0,6.8009782027185821,0.0
2.0,10,603.0381295923667,1.0288200277228964e-07,6.8433663832596221e-08,0.0,0.0,0.0
2.0,11,602.1455273476842,1.149876672740378e-07,3.1993096263925351e-35,0.0,-35.42767169050326,0.0
2.0,12,602.0415535235892,1.1420345899367952e-07,6.9359682735945402e-08,0.0,0.0,0.0
2.0,13,600.8126238660296,1.1427058517554139e-07,2.4687184439109292e-44,0.0,-34.22065653425333,0.0
2.0,14,600.5694223725429,1.1283683172833327e-07,7.0212596607553637e-08,0.0,0.0,0.0
2.0,15,604.3555517575057,2.917094334821031e-08,1.3746049444878702e-07,0.0,0.0,0.0
2.0,16,604.4539056047685,1.8453310177803602e-37,1.3747187852631068e-07,-0.16661303635263602,0.0,0.0
2.0,17,604.1148269567344,5.5851087236318777e-08,1.3715881140905433e-07,0.0,0.0,0.0
2.0,18,603.6881808135832,7.9769265306519531e-08,1.3665718365606358e-07,0.0,0.0,0.0
2.0,19,603.0202529764684,9.8706359769752986e-08,1.3640119606751464e-07,0.0,0.0,0.0
2.0,20,602.0293762026928,1.0933694758413463e-07,1.3672985742040605e-07,0.0,0.0,0.0
2.0,21,600.6047038897373,1.0757082101365961e-07,1.3854028232062996e-07,0.0,0.0,0.0
2.0,22,604.3630252295446,2.3041188587214929e-08,2.2918167223693335e-07,0.0,0.0,0.0
2.0,23,604.4604514138813,-8.3603678551168557e-37,2.3189094382176365e-07,1.0205685159580324,0.0,0.0
2.0,24,604.1245253840341,4.7219024957503066e-08,2.2355053418476136e-07,0.0,0.0,0.0
2.0,25,603.7013752169979,6.9597206509183378e-08,2.1575950485155464e-07,0.0,0.0,0.0
2.0,26,603.0364342895795,8.8436063963393505e-08,2.0735377400123489e-07,0.0,0.0,0.0
2.0,27,602.0394727410008,1.0112809463774072e-07,2.0039920843456015e-07,0.0,0.0,0.0
2.0,28,600.5671896935165,1.0266581685455986e-07,1.9559150315030694e-07,0.0,0.0,0.0
2.0,29,604.3725147060769,3.7501575293532578e-08,3.2827675980895826e-07,0.0,0.0,0.0
2.0,30,604.468368268036,-4.1690839214802284e-46,3.3381570801267384e-07,-0.83604153759538502,0.0,0.0
2.0,31,604.1384568706135,7.036496052342648e-08,3.1619672578704715e-07,0.0,0.0,0.0
2.0,32,603.7254589570481,9.9085486791780875e-08,2.9791395239409048e-07,0.0,0.0,0.0
2.0,33,603.0833647223278,1.2169314641325409e-07,2.7461940511259627e-07,0.0,0.0,0.0
2.0,34,602.1403823990111,1.3575956281382835e-07,2.4939739567121852e-07,0.0,0.0,0.0
2.0,35,600.804033545525,1.3858092014443613e-07,2.3084914763885433e-07,0.0,0.0,0.0
2.0,36,600.7702824680837,0.0,0.0,0.0,-0,0.0
2.0,37,600.3654893584959,0.0,0.0,0.0,-0,0.0
2.0,38,600.251174160197,0.0,0.0,0.0,0.0,0.0
2.0,39,600.5131069295754,0.0,0.0,0.0,0.0,0.0
2.0,40,600.0,0.0,0.0,0.0,-0,-0.5242421535549504
2.0,41,600.0,0.0,0.0,0.0,0.0,-0.8782897513491481
2.0,42,600.2687020247184,0.0,0.0,0.0,0.0,0.0
2.0,43,600.5596185728988,0.0,0.0,0.0,0.0,0.0
2.0,44,600.0,0.0,0.0,0.0,0.0,-0.8532859200966074
2.0,45,600.2691941424591,0.0,0.0,0.0,0.0,0.0
2.0,46,600.5608247125906,0.0,0.0,0.0,0.0,0.0
2.0,47,600.0,0.0,0.0,0.0,0.0,-0.8530134385636556
2.0,48,600.249257394207,0.0,0.0,0.0,0.0,0.0
2.0,49,600.5090422457424,0.0,0.0,0.0,0.0,0.0
2.0,50,600.0,0.0,0.0,0.0,0.0,-0.8728853618005765
2.0,51,600.3625354115416,0.0,0.0,0.0,0.0,0.0
2.0,52,600.7641276126122,0.0,0.0,0.0,0.0,0.0
2.0,53,600.0,0.0,0.0,0.0,0.0,-0.5200669706267069
3.0,1,609.127457585649,-8.8051900005064174e-47,2.7972556274750827e-45,-0.073323531506640657,5.3501749461659385,0.0
3.0,2,608.9091601126569,6.2070358970261512e-08,-1.9023963974755804e-35,0.0,29.414853927824709,0.0
3.0,3,608.8845743354001,6.0293676097707116e-08,1.3337253365480201e-07,0.0,0.0,0.0
3.0,4,609.1065047796159,3.2210750677920776e-38,1.3343496396463574e-07,0.041112631552953874,0.0,0.0
3.0,5,608.3826229256767,1.1935035708685398e-07,-2.5398860304180289e-35,0.0,48.551401326961511,0.0
3.0,6,608.3479633986182,1.1808237684938309e-07,1.3368059195036307e-07,0.0,0.0,0.0
3.0,7,607.4736408537411,1.696581778146827e-07,-1.8885451381820666e-35,0.0,47.676671476139347,0.0
3.0,8,607.4166564656625,1.6832953032142392e-07,1.3456358149021553e-07,0.0,0.0,0.0
3.0,9,606.1034944086831,2.0835706057235469e-07,8.4046229416278047e-36,0.0,12.523500042664534,0.0
3.0,10,605.9982791652966,2.0673504368893941e-07,1.3594214770443076e-07,0.0,0.0,0.0
3.0,11,604.1685399320351,2.2961742405407822e-07,6.5398781957486063e-35,0.0,-73.575021277107538,0.0
3.0,12,603.9548475187504,2.2798567514116135e-07,1.3782406052226554e-07,0.0,0.0,0.0
3.0,13,601.5504567986947,2.2704471527879216e-07,4.7186853323842417e-44,0.0,-69.94158044228891,0.0
3.0,14,601.0787987708329,2.2414527988592227e-07,1.3957045165078491e-07,0.0,0.0,0.0
3.0,15,608.8639613508005,5.9497116487476107e-08,2.7305315018734412e-07,0.0,0.0,0.0
3.0,16,609.0879902957772,3.9440657945834638e-37,2.7304298086689658e-07,-0.36219537183388328,0.0,0.0
3.0,17,608.3224526300685,1.1343519493014636e-07,2.7248116606663757e-07,0.0,0.0,0.0
3.0,18,607.3838412646984,1.6113498951747364e-07,2.7148146671061307e-07,0.0,0.0,0.0
3.0,19,605.9600129095762,1.9805070706305125e-07,2.709492453822875e-07,0.0,0.0,0.0
3.0,20,603.9304397029833,2.1781896462487399e-07,2.7160336533823984e-07,0.0,0.0,0.0
3.0,21,601.1472545068063,2.132421221680607e-07,2.7531802460014205e-07,0.0,0.0,0.0
3.0,22,608.8823020868181,4.6496697329941543e-08,4.5736986787752107e-07,0.0,0.0,0.0
3.0,23,609.1043512961451,-1.7590278854057134e-36,4.6303936541778759e-07,2.1534284969903714,0.0,0.0
3.0,24,608.3454079818944,9.5215850771317872e-08,4.4561587168411404e-07,0.0,0.0,0.0
3.0,25,607.4136389942739,1.3987354160727972e-07,4.2942169658219222e-07,0.0,0.0,0.0
3.0,26,605.9946598365941,1.7684685557137409e-07,4.1202175901622447e-07,0.0,0.0,0.0
3.0,27,603.9506594020911,2.010516031725267e-07,3.97615257887141e-07,0.0,0.0,0.0
3.0,28,601.074608013917,2.0325480538160426e-07,3.8765491764803341e-07,0.0,0.0,0.0
3.0,29,608.9057616345023,7.6795630357667844e-08,6.5797801946583115e-07,0.0,0.0,0.0
3.0,30,609.1242978595254,-3.0367368962456369e-46,6.6985487548850045e-07,-1.7590464412266311,0.0,0.0
3.0,31,608.378625247397,1.4353497874623816e-07,6.3220686581580483e-07,0.0,0.0,0.0
3.0,32,607.4685125331819,2.011611774091262e-07,5.9356219075017598e-07,0.0,0.0,0.0
3.0,33,606.09639877256,2.4565943767742202e-07,5.4498820804347171e-07,0.0,0.0,0.0
3.0,34,604.1580234254093,2.7247957521332706e-07,4.9321886732049899e-07,0.0,0.0,0.0
3.0,35,601.5338023725537,2.7715177022274259e-07,4.5531540280618195e-07,0.0,0.0,0.0
3.0,36,601.4700975501418,0.0,0.0,0.0,-0,0.0
3.0,37,600.6984485261595,0.0,0.0,0.0,-0,0.0
3.0,38,600.4763282233154,0.0,0.0,0.0,0.0,0.0
3.0,39,600.9717188093551,0.0,0.0,0.0,0.0,0.0
3.0,40,600.0,0.0,0.0,0.0,-0,-0.9998240024556863
3.0,41,600.0,0.0,0.0,0.0,0.0,-1.669062414312728
3.0,42,600.5105894211137,0.0,0.0,0.0,0.0,0.0
3.0,43,601.0620616237542,0.0,0.0,0.0,0.0,0.0
3.0,44,600.0,0.0,0.0,0.0,0.0,-1.620887480141521
3.0,45,600.511504168858,0.0,0.0,0.0,0.0,0.0
3.0,46,601.0642923719425,0.0,0.0,0.0,0.0,0.0
3.0,47,600.0,0.0,0.0,0.0,0.0,-1.6203551269602086
3.0,48,600.472717960434,0.0,0.0,0.0,0.0,0.0
3.0,49,600.964089022292,0.0,0.0,0.0,0.0,0.0
3.0,50,600.0,0.0,0.0,0.0,0.0,-1.6587773535150594
3.0,51,600.6927030736442,0.0,0.0,0.0,0.0,0.0
3.0,52,601.4581247536712,0.0,0.0,0.0,0.0,0.0
3.0,53,600.0,0.0,0.0,0.0,0.0,-0.9917675761071998
4.0,1,614.7010741621123,-1.0657902525217647e-46,5.5503096906473513e-45,-0.12197451609430807,8.849043288026353,0.0
4.0,2,614.3220893490192,9.9853934581008248e-08,-3.1322137728714536e-35,0.0,48.498654637415747,0.0
4.0,3,614.2766016894192,9.6887447940898961e-08,2.1060268182801873e-07,0.0,0.0,0.0
4.0,4,614.6617631147482,4.6746116571356089e-38,2.1072345247424824e-07,0.075227829578380895,0.0,0.0
4.0,5,613.4158396887293,1.9151701145260567e-07,-4.1412617805146491e-35,0.0,79.479948260551396,0.0
4.0,6,613.3534280576876,1.8937952801219616e-07,2.1106860496933216e-07,0.0,0.0,0.0
4.0,7,611.875177062225,2.7130613320356008e-07,-3.0094671119474824e-35,0.0,76.932196048413459,0.0
4.0,8,611.7760227102176,2.6907755775602466e-07,2.1246125782501686e-07,0.0,0.0,0.0
4.0,9,609.6023990281707,3.3174270519158228e-07,1.4644358355232127e-35,0.0,18.583604793857681,0.0
4.0,10,609.425980705101,3.2906392767421024e-07,2.1465917617391627e-07,0.0,0.0,0.0
4.0,11,606.477896728217,3.6388315182249715e-07,1.0528387372701313e-34,0.0,-119.75036085523014,0.0
4.0,12,606.1331280410063,3.6121739737800405e-07,2.1767570121124006e-07,0.0,0.0,0.0
4.0,13,602.3796671952999,3.5856256744129945e-07,5.8221983609069334e-44,0.0,-112.59308617268655,0.0
4.0,14,601.6484039446588,3.5392411988452289e-07,2.2049212039870082e-07,0.0,0.0,0.0
4.0,15,614.2386611586926,9.5738300944038492e-08,4.3114099140443698e-07,0.0,0.0,0.0
4.0,16,614.6272251314347,6.5490313404868603e-37,4.3108543232077061e-07,-0.60815527253493451,0.0,0.0
4.0,17,613.3077170807577,1.8196694430668957e-07,4.3027234807470947e-07,0.0,0.0,0.0
4.0,18,611.7192448682857,2.5745504429583303e-07,4.2869253547767792e-07,0.0,0.0,0.0
4.0,19,609.3622950153699,3.1490341998998607e-07,4.278252547395184e-07,0.0,0.0,0.0
4.0,20,606.0942739477412,3.4459434588295591e-07,4.288574982720148e-07,0.0,0.0,0.0
4.0,21,601.754429925265,3.3620753439453372e-07,4.348528711293703e-07,0.0,0.0,0.0
4.0,22,614.2724611423781,7.4265700012186576e-08,7.2454587054674279e-07,0.0,0.0,0.0
4.0,23,614.6577901893094,-2.8901631546472292e-36,7.3382246206264256e-07,3.5450501283030116,0.0,0.0
4.0,24,613.3488874838376,1.5197832375428032e-07,7.0534728507773195e-07,0.0,0.0,0.0
4.0,25,611.7708436423067,2.2269819710652993e-07,6.7897223087175428e-07,0.0,0.0,0.0
4.0,26,609.4200100048462,2.8053830295760206e-07,6.5071209318755639e-07,0.0,0.0,0.0
4.0,27,606.1265070457642,3.1762252235707801e-07,6.27301980732001e-07,0.0,0.0,0.0
4.0,28,601.6420880554211,3.2018054574045679e-07,6.1111494776178424e-07,0.0,0.0,0.0
4.0,29,614.3159626160647,1.2390231192157051e-07,1.0456168349583924e-06,0.0,0.0,0.0
4.0,30,614.6953214824689,-5.4879436884641185e-47,1.0653904144849975e-06,-2.8902096858377608,0.0,0.0
4.0,31,613.4087868245352,2.3093054800641314e-07,1.0028681477559161e-06,0.0,0.0,0.0
4.0,32,611.8663969292077,3.2252909553048198e-07,9.3918704237052117e-07,0.0,0.0,0.0
4.0,33,609.590654089989,3.9227534981819241e-07,8.599057734522257e-07,0.0,0.0,0.0
4.0,34,606.4610834377147,4.3334570498597465e-07,7.763276225029973e-07,0.0,0.0,0.0
4.0,35,602.3539712243883,4.3970265266957921e-07,7.1531761736554809e-07,0.0,0.0,0.0
4.0,36,602.2567073384711,0.0,0.0,0.0,-0,0.0
4.0,37,601.0729226930272,0.0,0.0,0.0,-0,0.0
4.0,38,600.7281998049143,0.0,0.0,0.0,0.0,0.0
4.0,39,601.4844066835369,0.0,0.0,0.0,0.0,0.0
4.0,40,600.0,0.0,0.0,0.0,-0,-1.5339636303632591
4.0,41,600.0,0.0,0.0,0.0,0.0,-2.554933794169143
4.0,42,600.7814887196075,0.0,0.0,0.0,0.0,0.0
4.0,43,601.6244538606941,0.0,0.0,0.0,0.0,0.0
4.0,44,600.0,0.0,0.0,0.0,0.0,-2.480389441311722
4.0,45,600.7828610048398,0.0,0.0,0.0,0.0,0.0
4.0,46,601.6277898763684,0.0,0.0,0.0,0.0,0.0
4.0,47,600.0,0.0,0.0,0.0,0.0,-2.479570835092562
4.0,48,600.7227471619143,0.0,0.0,0.0,0.0,0.0
4.0,49,601.4729080388105,0.0,0.0,0.0,0.0,0.0
4.0,50,600.0,0.0,0.0,0.0,0.0,-2.5392808344430335
4.0,51,601.0640360545964,0.0,0.0,0.0,0.0,0.0
4.0,52,602.2381845840549,0.0,0.0,0.0,0.0,0.0
4.0,53,600.0,0.0,0.0,0.0,0.0,-1.5215743031730693
5.0,1,620.8730329118421,-1.0625910724326216e-46,6.7585387965095014e-45,-0.17718708921518278,12.796488544484399,0.0
5.0,2,620.3063751825104,1.4165034929285296e-07,-4.514731732440914e-35,0.0,69.975587654294117,0.0
5.0,3,620.2349285733159,1.3732973075790396e-07,2.9479547350576433e-07,0.0,0.0,0.0
5.0,4,620.8106454390842,6.1136995736221789e-38,2.9498839408716167e-07,0.11604866217595858,0.0,0.0
5.0,5,618.9595379985359,2.7118003827972792e-07,-5.9278396893976875e-35,0.0,114.09207741684523,0.0
5.0,6,618.8634679305644,2.6804395132064696e-07,2.954240287652088e-07,0.0,0.0,0.0
5.0,7,616.6943923023582,3.8319378597897214e-07,-4.2376325990541442e-35,0.0,109.30522876903464,0.0
5.0,8,616.545618196926,3.7993460661954358e-07,2.9736804459557922e-07,0.0,0.0,0.0
5.0,9,613.4030061489657,4.6708404545888855e-07,2.1885776406093167e-35,0.0,24.766754930402321,0.0
5.0,10,613.1454490731725,4.632088864403636e-07,3.0046226609926569e-07,0.0,0.0,0.0
5.0,11,608.9625657297667,5.1062553857683825e-07,1.4936475909567193e-34,0.0,-171.19935763405329,0.0
5.0,12,608.4730665063155,5.0679945326873972e-07,3.0472750713474607e-07,0.0,0.0,0.0
5.0,13,603.2632188238525,5.019289932470659e-07,5.9386504388706133e-44,0.0,-159.73677968074406,0.0
5.0,14,602.2537596815151,4.9537382271339155e-07,3.0872888749990685e-07,0.0,0.0,0.0
5.0,15,620.1755733008677,1.3583414427106295e-07,6.0344340625445243e-07,0.0,0.0,0.0
5.0,16,620.7560824500646,9.4946336892599304e-37,6.0332440890789569e-07,-0.88832199275311752,0.0,0.0
5.0,17,618.7933539821222,2.5759392761172791e-07,6.0226440532147578e-07,0.0,0.0,0.0
5.0,18,616.4607389365573,3.6339827714181712e-07,6.0005303799380722e-07,0.0,0.0,0.0
5.0,19,613.0528894453768,4.429301937690971e-07,5.9881173007940466e-07,0.0,0.0,0.0
5.0,20,608.4183132603066,4.8295316538447494e-07,6.0025459991959842e-07,0.0,0.0,0.0
5.0,21,602.3999280531949,4.7007051125853915e-07,6.0877495534100085e-07,0.0,0.0,0.0
5.0,22,620.2285327254828,1.0481825928535115e-07,1.0164890061243699e-06,0.0,0.0,0.0
5.0,23,620.8044483219003,-4.1601051473288124e-36,1.0298001155505612e-06,5.1095348035399306,0.0,0.0
5.0,24,618.8565901765149,2.1438443910473965e-07,9.8897425330061736e-07,0.0,0.0,0.0
5.0,25,616.5379785931224,3.1356037000057141e-07,9.5124985050546319e-07,0.0,0.0,0.0
5.0,26,613.1368987190754,3.9395296787597751e-07,9.1090654883909558e-07,0.0,0.0,0.0
5.0,27,608.463871201079,4.4471670496410919e-07,8.7747511946206624e-07,0.0,0.0,0.0
5.0,28,602.2452719659256,4.4739060841623312e-07,8.5435628251137671e-07,0.0,0.0,0.0
5.0,29,620.2970391916226,1.7611642989190188e-07,1.4702750227245068e-06,0.0,0.0,0.0
5.0,30,620.8642065618205,1.2717648151104855e-46,1.4990011425650769e-06,-4.1601970666062389,0.0,0.0
5.0,31,618.9489554390063,3.2758340650955765e-07,1.4083346784450177e-06,0.0,0.0,0.0
5.0,32,616.6814964359916,4.563792350338289e-07,1.3164966542257469e-06,0.0,0.0,0.0
5.0,33,613.3861560750266,5.5345043361051292e-07,1.2029307637301812e-06,0.0,0.0,0.0
5.0,34,608.9389996691455,6.0964047488750759e-07,1.0841236099430406e-06,0.0,0.0,0.0
5.0,35,603.228037808956,6.1752590288031547e-07,9.9757649792350156e-07,0.0,0.0,0.0
5.0,36,603.0949333724964,0.0,0.0,0.0,-0,0.0
5.0,37,601.4720698902206,0.0,0.0,0.0,-0,0.0
5.0,38,600.9959256414916,0.0,0.0,0.0,0.0,0.0
5.0,39,602.0291939388964,0.0,0.0,0.0,0.0,0.0
5.0,40,600.0,0.0,0.0,0.0,-0,-2.1028917691075066
5.0,41,600.0,0.0,0.0,0.0,0.0,-3.4972474614685103
5.0,42,601.0695849596078,0.0,0.0,0.0,0.0,0.0
5.0,43,602.2224013749138,0.0,0.0,0.0,0.0,0.0
5.0,44,600.0,0.0,0.0,0.0,0.0,-3.394371812532265
5.0,45,601.0714291720082,0.0,0.0,0.0,0.0,0.0
5.0,46,602.2268740510943,0.0,0.0,0.0,0.0,0.0
5.0,47,600.0,0.0,0.0,0.0,0.0,-3.3932646361093934
5.0,48,600.9885849220799,0.0,0.0,0.0,0.0,0.0
5.0,49,602.0137368296945,0.0,0.0,0.0,0.0,0.0
5.0,50,600.0,0.0,0.0,0.0,0.0,-3.4760492532024694
5.0,51,601.4598801265637,0.0,0.0,0.0,0.0,0.0
5.0,52,603.0695192638376,0.0,0.0,0.0,0.0,0.0
5.0,53,600.0,0.0,0.0,0.0,0.0,-2.085973068858773
6.0,1,627.4431833106976,-9.7587553991817604e-47,6.961289775706368e-45,-0.23690792309278105,17.049173884302199,0.0
6.0,2,626.669918507053,1.8611325847481872e-07,-6.0007197261483532e-35,0.0,93.076095199003248,0.0
6.0,3,626.5686645166523,1.8032518206159509e-07,3.8350660811146255e-07,0.0,0.0,0.0
6.0,4,627.3540841206358,7.5285789851526961e-38,3.8378180118181476e-07,0.16161927909788321,0.0,0.0
6.0,5,624.840034134499,3.5580775731826884e-07,-7.8387461932193726e-35,0.0,151.18603099900139,0.0
6.0,6,624.7059230488454,3.5158285748940305e-07,3.8429931466077402e-07,0.0,0.0,0.0
6.0,7,621.7863953133218,5.0183193828328406e-07,-5.5359357233418285e-35,0.0,143.74707451694772,0.0
6.0,8,621.5826641414961,4.9745095228800143e-07,3.8682047997519677e-07,0.0,0.0,0.0
6.0,9,617.3977355684239,6.102620474729368e-07,2.9820294019753676e-35,0.0,30.984483883805964,0.0
6.0,10,617.0522082831385,6.0509424487640002e-07,3.9086033992138402e-07,0.0,0.0,0.0
6.0,11,611.5576194645157,6.6549582297882567e-07,1.9622742781758356e-34,0.0,-226.18257373325307,0.0
6.0,12,610.9144445026236,6.6042346228931484e-07,3.9644874965138877e-07,0.0,0.0,0.0
6.0,13,604.1796843231907,6.5297716849865201e-07,5.5748915654178252e-44,0.0,-209.86028474961671,0.0
6.0,14,602.8807030417889,6.4438820267643734e-07,4.0171109781934193e-07,0.0,0.0,0.0
6.0,15,626.4848107773059,1.7849082543126715e-07,7.8496079418373254e-07,0.0,0.0,0.0
6.0,16,627.2764456370344,1.2672081254736753e-36,7.8476521115593686e-07,-1.1919136096378011,0.0,0.0
6.0,17,624.6083088936505,3.3791588899391392e-07,7.8346385935631973e-07,0.0,0.0,0.0
6.0,18,621.4667346786441,4.7567577191313545e-07,7.8058753176380589e-07,0.0,0.0,0.0
6.0,19,616.9284152874294,5.7826497685889219e-07,7.7894581907902441e-07,0.0,0.0,0.0
6.0,20,610.8428592240059,6.2883766896610701e-07,7.8081993889400665e-07,0.0,0.0,0.0
6.0,21,603.0685572442251,6.1098140268831913e-07,7.9202718045109599e-07,0.0,0.0,0.0
6.0,22,626.5597716682718,1.3720558825616146e-07,1.3245621239393876e-06,0.0,0.0,0.0
6.0,23,627.3453988918751,-5.5240424981696539e-36,1.3421952141852959e-06,6.7911907728146597,0.0,0.0
6.0,24,624.6965082163945,2.8050513771958779e-07,1.2881458245045093e-06,0.0,0.0,0.0
6.0,25,621.5724214175187,4.0969279624041616e-07,1.2382891027216479e-06,0.0,0.0,0.0
6.0,26,617.0410002331894,5.1371043076871521e-07,1.1850449046222778e-06,0.0,0.0,0.0
6.0,27,610.9026585064265,5.7863727109009831e-07,1.1409112980422405e-06,0.0,0.0,0.0
6.0,28,602.8700695548366,5.8124573761061794e-07,1.1103885497064391e-06,0.0,0.0,0.0
6.0,29,626.6571450725872,2.3173423073015343e-07,1.9191577501906871e-06,0.0,0.0,0.0
6.0,30,627.431050723923,2.2781145819740083e-46,1.9575582051345724e-06,-5.5241993282854427,0.0,0.0
6.0,31,624.8257118134026,4.3038488126952206e-07,1.8365171259501411e-06,0.0,0.0,0.0
6.0,32,621.7692005957082,5.9848471924910775e-07,1.7144084716620109e-06,0.0,0.0,0.0
6.0,33,617.3756220202919,7.2420629678050355e-07,1.5641554825562426e-06,0.0,0.0,0.0
6.0,34,611.5271546869928,7.9603837281982969e-07,1.407845223144786e-06,0.0,0.0,0.0
6.0,35,604.1348928664855,8.0531990708113575e-07,1.2941491697622441e-06,0.0,0.0,0.0
6.0,36,603.9644261940065,0.0,0.0,0.0,-0,0.0
6.0,37,601.8861582999823,0.0,0.0,0.0,-0,0.0
6.0,38,601.2732232783546,0.0,0.0,0.0,0.0,0.0
6.0,39,602.5933599982493,0.0,0.0,0.0,0.0,0.0
6.0,40,600.0,0.0,0.0,0.0,-0,-2.6928708858172588
6.0,41,600.0,0.0,0.0,0.0,0.0,-4.473661157035524
6.0,42,601.3680619103877,0.0,0.0,0.0,0.0,0.0
6.0,43,602.8418166314623,0.0,0.0,0.0,0.0,0.0
6.0,44,600.0,0.0,0.0,0.0,0.0,-4.3412384146168455
6.0,45,601.3703811902049,0.0,0.0,0.0,0.0,0.0
6.0,46,602.8474300849828,0.0,0.0,0.0,0.0,0.0
6.0,47,600.0,0.0,0.0,0.0,0.0,-4.339855983871209
6.0,48,601.2640098294991,0.0,0.0,0.0,0.0,0.0
6.0,49,602.5739815064948,0.0,0.0,0.0,0.0,0.0
6.0,50,600.0,0.0,0.0,0.0,0.0,-4.446925149695086
6.0,51,601.8706163611434,0.0,0.0,0.0,0.0,0.0
6.0,52,603.9320144222742,0.0,0.0,0.0,0.0,0.0
6.0,53,600.0,0.0,0.0,0.0,0.0,-2.671379236308905
7.0,1,634.2875562499731,-8.8197975623025067e-47,6.7768189498266168e-45,-0.29982050336645277,21.517011722387952,0.0
7.0,2,633.29401838046,2.3241051444355718e-07,-7.5593748651530662e-35,0.0,117.31809250965975,0.0
7.0,3,633.1600697913772,2.2507448317338455e-07,4.7524808371884802e-07,0.0,0.0,0.0
7.0,4,634.1689991775326,8.9156853600049515e-38,4.7561310816013481e-07,0.2106587207704412,0.0,0.0
7.0,5,630.9505621164157,4.4383986620987012e-07,-9.8362296562711106e-35,0.0,190.01426094408771,0.0
7.0,6,630.7751664768774,4.3846168014807536e-07,4.7620498414709878e-07,0.0,0.0,0.0
7.0,7,627.0627842920502,6.2507800900366057e-07,-6.881810128747134e-35,0.0,179.61401637502746,0.0
7.0,8,626.8002232806682,6.1951029176386693e-07,4.7931988958232832e-07,0.0,0.0,0.0
7.0,9,621.5215093493578,7.5875742439438254e-07,3.8252868174361091e-35,0.0,37.193476619938004,0.0
7.0,10,621.0831847627488,7.522292977390274e-07,4.8433822306659026e-07,0.0,0.0,0.0
7.0,11,614.2240944101196,8.258434890077172e-07,2.4500400221743475e-34,0.0,-283.62328298128773,0.0
7.0,12,613.4211812363119,8.1946536399398488e-07,4.9130005893478605e-07,0.0,0.0,0.0
7.0,13,605.1162724617413,8.0917278124641318e-07,5.1035238604416478e-44,0.0,-262.03357518966425,0.0
7.0,14,603.5207820311978,7.9847130523373562e-07,4.9787511016408686e-07,0.0,0.0,0.0
7.0,15,633.0494276282243,2.2290935828696955e-07,9.7265441428703706e-07,0.0,0.0,0.0
7.0,16,634.0660072384447,1.6013025648708144e-36,9.7237244773196384e-07,-1.5121306606152152,0.0,0.0
7.0,17,630.6477854905334,4.2145558583560831e-07,9.7083529042803179e-07,0.0,0.0,0.0
7.0,18,626.6511366817913,5.9227184026185965e-07,9.672714461130302e-07,0.0,0.0,0.0
7.0,19,620.9265368846958,7.1854885619498303e-07,9.65210756761523e-07,0.0,0.0,0.0
7.0,20,613.3321850680396,7.7978110040754702e-07,9.6752959119164071e-07,0.0,0.0,0.0
7.0,21,603.7512602737145,7.5660440007244923e-07,9.8153487356820285e-07,0.0,0.0,0.0
7.0,22,633.1485607645207,1.7084463009606095e-07,1.6435036920692274e-06,0.0,0.0,0.0
7.0,23,634.1576831156001,-6.953961417351498e-36,1.6656593200188139e-06,8.5551685576252066,0.0,0.0
7.0,24,630.7631378468799,3.4915694873932999e-07,1.5977779542577647e-06,0.0,0.0,0.0
7.0,25,626.7873547552578,5.0940303239960202e-07,1.5352445739731214e-06,0.0,0.0,0.0
7.0,26,621.0693493754587,6.3775055442818008e-07,1.4685322344333173e-06,0.0,0.0,0.0
7.0,27,613.4068725830948,7.1713807248127006e-07,1.4132239437838568e-06,0.0,0.0,0.0
7.0,28,603.5080735993693,7.1953821131958031e-07,1.3749695068632569e-06,0.0,0.0,0.0
7.0,29,633.2777894580295,2.8970175685841265e-07,2.3844460928850138e-06,0.0,0.0,0.0
7.0,30,634.272094606554,2.8037120105772204e-46,2.4330316026344276e-06,-6.954204123912537,0.0,0.0
7.0,31,630.932501630874,5.3741729490794847e-07,2.2800406270802986e-06,0.0,0.0,0.0
7.0,32,627.041320093638,7.4624695494190129e-07,2.1261772386588119e-06,0.0,0.0,0.0
7.0,33,621.4941840568151,9.01493248366605e-07,1.9375633616423401e-06,0.0,0.0,0.0
7.0,34,614.186787972204,9.8928654928699828e-07,1.7421812158677524e-06,0.0,0.0,0.0
7.0,35,605.0619383069288,9.9985075606098175e-07,1.6002275825427891e-06,0.0,0.0,0.0
7.0,36,604.8530385791781,0.0,0.0,0.0,-0,0.0
7.0,37,602.3093808524112,0.0,0.0,0.0,-0,0.0
7.0,38,601.5563434893987,0.0,0.0,0.0,0.0,0.0
7.0,39,603.1693117282841,0.0,0.0,0.0,0.0,0.0
7.0,40,600.0,0.0,0.0,0.0,-0,-3.295703429833521
7.0,41,600.0,0.0,0.0,0.0,0.0,-5.47084475034799
7.0,42,601.6728570445489,0.0,0.0,0.0,0.0,0.0
7.0,43,603.4743007108858,0.0,0.0,0.0,0.0,0.0
7.0,44,600.0,0.0,0.0,0.0,0.0,-5.308115305298099
7.0,45,601.675648174951,0.0,0.0,0.0,0.0,0.0
7.0,46,603.4810435422559,0.0,0.0,0.0,0.0,0.0
7.0,47,600.0,0.0,0.0,0.0,0.0,-5.306481109967066
7.0,48,601.5453096076976,0.0,0.0,0.0,0.0,0.0
7.0,49,603.1461255697999,0.0,0.0,0.0,0.0,0.0
7.0,50,600.0,0.0,0.0,0.0,0.0,-5.438690868976243
7.0,51,602.2905066973035,0.0,0.0,0.0,0.0,0.0
7.0,52,604.8136666269814,0.0,0.0,0.0,0.0,0.0
7.0,53,600.0,0.0,0.0,0.0,0.0,-3.269688519922534
8.0,1,641.3298628147204,-2.7393307567752998e-47,6.6476485989265207e-46,-0.36366989888434714,26.137774640535337,0.0
8.0,2,640.1057039185353,2.8000026125365351e-07,-9.16952472952336e-35,0.0,142.376329956593,0.0
8.0,3,639.9368654604235,2.7109272108019639e-07,5.6922716952949329e-07,0.0,0.0,0.0
8.0,4,641.1797536246941,9.6140393314855272e-38,5.6968410158943938e-07,0.26752184145126789,0.0,0.0
8.0,5,637.2256372886967,5.3427733098713203e-07,-1.1896687977311256e-34,0.0,230.09977452077064,0.0
8.0,6,637.0065041258774,5.2772842092158901e-07,5.7034093023764388e-07,0.0,0.0,0.0
8.0,7,632.4695153711069,7.5158829580371021e-07,-8.269601513505418e-35,0.0,216.55657729464122,0.0
8.0,8,632.1452234898867,7.4477059522750977e-07,5.740240371271985e-07,0.0,0.0,0.0
8.0,9,625.7346920067433,9.1103375771085376e-07,4.6891706155272098e-35,0.0,43.4518017179821,0.0
8.0,10,625.2000182128156,9.0300343064842969e-07,5.799644575558103e-07,0.0,0.0,0.0
8.0,11,616.9383483259753,9.9006200920981704e-07,2.9535246857907886e-34,0.0,-343.16134952288058,0.0
8.0,12,615.9714121364283,9.8226258472878282e-07,5.8824001800777983e-07,0.0,0.0,0.0
8.0,13,606.0652528567672,9.6876390534176126e-07,-2.8594436129371588e-44,0.0,-315.46172318221005,0.0
8.0,14,604.1688883853099,9.5633951356115714e-07,5.9619489769732011e-07,0.0,0.0,0.0
8.0,15,639.7977163589669,2.6879455462405117e-07,1.1642046261978888e-06,0.0,0.0,0.0
8.0,16,641.049694419136,1.9570883945009619e-36,1.1637806452920648e-06,-1.8609232840365877,0.0,0.0
8.0,17,636.8476708310237,5.0770054754228743e-07,1.1621906228349339e-06,0.0,0.0,0.0
8.0,18,631.9614424030585,7.1248873105916371e-07,1.1581347020761185e-06,0.0,0.0,0.0
8.0,19,625.0093815364276,8.6290259924097614e-07,1.155875877883696e-06,0.0,0.0,0.0
8.0,20,615.8646696025667,9.3464119352038395e-07,1.1587587684060125e-06,0.0,0.0,0.0
8.0,21,604.4426011879876,9.0530636783088273e-07,1.1753366967017366e-06,0.0,0.0,0.0
8.0,22,639.9227029602633,2.054321868157359e-07,1.9684232736086047e-06,0.0,0.0,0.0
8.0,23,641.165746741578,-8.3859784961702401e-36,1.9951647328563892e-06,10.342925565413838,0.0,0.0
8.0,24,636.9918634313985,4.1969561516560008e-07,1.9132709585628236e-06,0.0,0.0,0.0
8.0,25,632.1297765478448,6.1186320552985485e-07,1.8379668962787554e-06,0.0,0.0,0.0
8.0,26,625.1836402343798,7.6533271329563152e-07,1.7578485784056212e-06,0.0,0.0,0.0
8.0,27,615.954680453045,8.5994395704401439e-07,1.6917203812162322e-06,0.0,0.0,0.0
8.0,28,604.1541858455886,8.6289235175223664e-07,1.6463325960051784e-06,0.0,0.0,0.0
8.0,29,640.0861320241827,3.4843063397204937e-07,2.8606451391871999e-06,0.0,0.0,0.0
8.0,30,641.3111831040975,-5.0357930344132786e-46,2.9197117002889114e-06,-8.3863333254000967,0.0,0.0
8.0,31,637.2039628277519,6.4567214526810084e-07,2.7338821786933767e-06,0.0,0.0,0.0
8.0,32,632.4439183192568,8.9522300749322606e-07,2.5475303757750855e-06,0.0,0.0,0.0
8.0,33,625.7022877268519,1.0793296811695215e-06,2.3199938176802049e-06,0.0,0.0,0.0
8.0,34,616.8942961165516,1.1816243332528564e-06,2.0856837759135749e-06,0.0,0.0,0.0
8.0,35,606.0014163439706,1.1911231081494116e-06,1.917368085762418e-06,0.0,0.0,0.0
8.0,36,605.7534294300975,3.7202805307826584e-09,-3.136161516870382e-50,0.0,0.2490554034155838,0.0
8.0,37,602.7382273363045,3.7944895801168996e-09,-1.5920474992008101e-37,0.0,0.070426050431773982,0.0
8.0,38,601.8430189819118,9.9068930818288028e-10,-3.2575958795328897e-10,0.0,0.0,0.0
8.0,39,603.7524565087783,1.1265210341608138e-09,-1.3017769499453024e-09,0.0,0.0,0.0
8.0,40,600.0,3.6779098288648171e-09,7.1138850254032401e-47,0.0,-0.31866687928149251,-3.906436295478515
8.0,41,600.0,9.6985084143302955e-10,6.1459562371399014e-10,0.0,0.0,-6.4807411345227575
8.0,42,601.9815182003367,-1.0635810695811446e-08,2.0526819264896038e-10,0.0,0.0,0.0
8.0,43,604.1147865181008,-1.1183737061315051e-08,-2.1893783133055918e-09,0.0,0.0,0.0
8.0,44,600.0,-1.0514376049871525e-08,2.5905453828082542e-09,0.0,0.0,-6.287236507571479
8.0,45,601.9848077698364,-2.3367107170967527e-08,2.7886002314072965e-09,0.0,0.0,0.0
8.0,46,604.1226964201912,-2.3036509922018252e-08,3.3280690103878468e-09,0.0,0.0,0.0
8.0,47,600.0,-2.2681824848931894e-08,2.2236320931755204e-09,0.0,0.0,-6.28541231066087
8.0,48,601.8302250583974,2.1267463553476742e-08,2.9029489084450023e-09,0.0,0.0,0.0
8.0,49,603.7255762303506,2.1394965606354107e-08,1.8241249211654777e-08,0.0,0.0,0.0
8.0,50,600.0,2.1384328280251396e-08,-1.2122777723486656e-08,0.0,0.0,-6.443348839972698
8.0,51,602.7160326807608,1.8363495794188046e-07,-1.0220600114199186e-08,0.0,0.0,0.0
8.0,52,605.707087688822,1.8964543879759254e-07,1.6864044016135874e-08,0.0,0.0,0.0
8.0,53,600.0,1.8016785403159052e-07,-3.6475186511320406e-08,0.0,0.0,-3.8759986359197796
9.0,1,648.523224118395,6.1207044756426735e-44,9.3251562648825384e-43,-0.435437480601788,30.891193129721398,0.0
9.0,2,647.06015085939,3.280830704564646e-07,-1.0829069703535332e-34,0.0,168.14903901526648,0.0
9.0,3,646.8546985623569,3.1739382014153222e-07,6.6684554710922147e-07,0.0,0.0,0.0
9.0,4,648.3399179173406,9.6189561078300803e-38,6.6742945477097899e-07,0.33923591638642459,0.0,0.0
9.0,5,643.6250634862693,6.2555167496686008e-07,-1.4030917165138149e-34,0.0,271.32636265777023,0.0
9.0,6,643.3602648845797,6.1746560804076091e-07,6.6803993280543782e-07,0.0,0.0,0.0
9.0,7,637.9734459720927,8.7911327768100672e-07,-9.7372350854871266e-35,0.0,254.59340440152806,0.0
9.0,8,637.5851461550453,8.7044851554395225e-07,6.721774566741844e-07,0.0,0.0,0.0
9.0,9,630.0129944029973,1.0642840349276459e-06,5.4967635795770731e-35,0.0,50.063704637477606,0.0
9.0,10,629.3792109667232,1.0538473312393421e-06,6.789166946309907e-07,0.0,0.0,0.0
9.0,11,619.6858852651656,1.1549440237363392e-06,3.4607746700291103e-34,0.0,-404.1556299967819,0.0
9.0,12,618.5517134760083,1.1445209595187036e-06,6.8847068597136533e-07,0.0,0.0,0.0
9.0,13,607.0218428113194,1.1283296468120374e-06,6.7624839452769987e-42,0.0,-370.8704338739476,0.0
9.0,14,604.8217842186319,1.1129700963794567e-06,6.9811118166466881e-07,0.0,0.0,0.0
9.0,15,646.685727484201,3.1509446446981693e-07,1.3634667225963721e-06,0.0,0.0,0.0
9.0,16,648.1814788105115,2.3013626164899524e-36,1.3629155775655283e-06,-2.2051355817516938,0.0,0.0
9.0,17,643.1686988596201,5.9457464206622708e-07,1.3612085700468417e-06,0.0,0.0,0.0
9.0,18,637.3655249869296,8.3330035921234688e-07,1.3565670050254236e-06,0.0,0.0,0.0
9.0,19,629.1537847661816,1.007468307375225e-06,1.3539568516193038e-06,0.0,0.0,0.0
9.0,20,618.4270591117677,1.0889135688698435e-06,1.3571173021023838e-06,0.0,0.0,0.0
9.0,21,605.139134964641,1.0522192427782987e-06,1.3756669348466428e-06,0.0,0.0,0.0
9.0,22,646.837944586007,2.4058540410543524e-07,2.3047850489018503e-06,0.0,0.0,0.0
9.0,23,648.3232568264622,-9.8744508497067919e-36,2.3362862414515363e-06,12.175608600777668,0.0,0.0
9.0,24,643.3431190804824,4.9142162459141879e-07,2.2398428212321302e-06,0.0,0.0,0.0
9.0,25,637.5672832284574,7.1606719033380076e-07,2.1512540051584646e-06,0.0,0.0,0.0
9.0,26,629.3605054373484,8.9514839605889327e-07,2.0571266675520614e-06,0.0,0.0,0.0
9.0,27,618.5328130529136,1.0054500848106316e-06,1.9795289819611692e-06,0.0,0.0,0.0
9.0,28,604.8053629429868,1.009431532465191e-06,1.9262085587463667e-06,0.0,0.0,0.0
9.0,29,647.037501185459,4.0870019941110657e-07,3.3510240009590158e-06,0.0,0.0,0.0
9.0,30,648.5015884699727,-4.1863690583825864e-44,3.4209496652536417e-06,-9.8749422959082747,0.0,0.0
9.0,31,643.6000568064601,7.5667487126371587e-07,3.2011009310237299e-06,0.0,0.0,0.0
9.0,32,637.9440213304962,1.0478156814325928e-06,2.9811251719701387e-06,0.0,0.0,0.0
9.0,33,629.9758356914473,1.2612028421042219e-06,2.7133934574078214e-06,0.0,0.0,0.0
9.0,34,619.6354233809136,1.377881162449689e-06,2.439085872051193e-06,0.0,0.0,0.0
9.0,35,606.9488869684425,1.3856013098245657e-06,2.2442144622258281e-06,0.0,0.0,0.0
9.0,36,606.6610522077298,1.2631346464120536e-07,1.7925912043907558e-41,0.0,0.41284497647273588,0.0
9.0,37,603.1705264470975,1.2343896639057796e-07,-1.6285387374397343e-37,0.0,0.15583079149809853,0.0
9.0,38,602.1318054099178,1.1656226824246151e-07,-1.5403958779390845e-08,0.0,0.0,0.0
9.0,39,604.3398579620128,1.1982122882188785e-07,-1.8046678570526737e-08,0.0,0.0,0.0
9.0,40,600.0,1.2082349844016417e-07,-2.6634679405141603e-42,0.0,-0.56631603227365512,-4.522061692627485
9.0,41,600.0,1.1411587519602727e-07,-1.2860863798061831e-08,0.0,0.0,-7.498392335494952
9.0,42,602.292496360914,8.0165374476315144e-08,-2.8160714278579761e-08,0.0,0.0,0.0
9.0,43,604.7600752091084,8.1514825923392914e-08,-3.6736005184701838e-08,0.0,0.0,0.0
9.0,44,600.0,7.8223460004995945e-08,-1.9671558594744208e-08,0.0,0.0,-7.273799908706156
9.0,45,602.2963083761431,1.5014421934746319e-08,-3.3099419178935361e-08,0.0,0.0,0.0
9.0,46,604.7691709855919,1.7508923947772525e-08,-3.9127401893717693e-08,0.0,0.0,0.0
9.0,47,600.0,1.4997195626862576e-08,-2.7297883266053396e-08,0.0,0.0,-7.271877076238568
9.0,48,602.1174504129631,5.6268227829666787e-08,-3.7890885016870274e-08,0.0,0.0,0.0
9.0,49,604.3096959012165,5.660253834279103e-08,-1.2237577159260952e-08,0.0,0.0,0.0
9.0,50,600.0,5.6562539724993562e-08,-6.3079090803213578e-08,0.0,0.0,-7.456181655961458
9.0,51,603.1451538362824,3.6911179593744816e-07,-6.6228367249489409e-08,0.0,0.0,0.0
9.0,52,606.6079918962525,3.8238375670312828e-07,-1.2269701577966411e-08,0.0,0.0,0.0
9.0,53,600.0,3.6180950183686212e-07,-1.182711337861476e-07,0.0,0.0,-4.487429401554543
10.0,1,655.8388669529257,-4.2161503789037515e-44,1.1280714126301597e-43,-0.51319901910942156,35.769002046967429,0.0
10.0,2,654.1298483388102,3.7700378104427405e-07,-1.2531420778709944e-34,0.0,194.57677095496314,0.0
10.0,3,653.8863677452698,3.6439344808825333e-07,7.6550402271179704e-07,0.0,0.0,0.0
10.0,4,655.6210159976604,1.1356820408532065e-37,7.6621089635645391e-07,0.39961400289056037,0.0,0.0
10.0,5,650.1241731410801,7.1834403067447997e-07,-1.6214642720499363e-34,0.0,313.51274963278024,0.0
10.0,6,649.8121207635419,7.0853306641907586e-07,7.6681328327518334e-07,0.0,0.0,0.0
10.0,7,643.5542422052629,1.0086018158353336e-06,-1.1219093205205978e-34,0.0,293.28946830663915,0.0
10.0,8,643.1000537235348,9.9794083048279469e-07,7.7150137597678299e-07,0.0,0.0,0.0
10.0,9,634.3415245785814,1.2196047615405262e-06,6.3809814408393265e-35,0.0,56.280890393901707,0.0
10.0,10,633.6063669841852,1.2068231019259225e-06,7.7922580622514803e-07,0.0,0.0,0.0
10.0,11,622.457835938825,1.3216015932222779e-06,3.9885343597976568e-34,0.0,-467.07036149707136,0.0
10.0,12,621.1538909592759,1.3090774826991212e-06,7.9033491846247163e-07,0.0,0.0,0.0
10.0,13,607.9831372465028,1.2890279079482616e-06,-5.0443683037897272e-41,0.0,-426.36137933265456,0.0
10.0,14,605.4775799661587,1.2719311597424738e-06,8.0188091098680545e-07,0.0,0.0,0.0
10.0,15,653.6865247347945,3.616687880652222e-07,1.5662530757386009e-06,0.0,0.0,0.0
10.0,16,655.4331501661312,2.6473724356534451e-36,1.5656000124035163e-06,-2.5337520744266513,0.0,0.0
10.0,17,649.5868031920419,6.8183934807797191e-07,1.5636611441550304e-06,0.0,0.0,0.0
10.0,18,642.8436922071451,9.5446173939715018e-07,1.558280667346341e-06,0.0,0.0,0.0
10.0,19,633.3455457893791,1.1521572206419436e-06,1.5551725255511132e-06,0.0,0.0,0.0
10.0,20,621.0112284478614,1.2429154683093332e-06,1.5586399955480974e-06,0.0,0.0,0.0
10.0,21,605.8387555760901,1.1983571725581834e-06,1.5797964178375306e-06,0.0,0.0,0.0
10.0,22,653.867175134303,2.7585275771997384e-07,2.6491304226169235e-06,0.0,0.0,0.0
10.0,23,655.6018272435067,-1.1438268005140925e-35,2.6855513768019017e-06,14.085357482277683,0.0,0.0
10.0,24,649.7926676804167,5.6340993200285641e-07,2.5740695864511472e-06,0.0,0.0,0.0
10.0,25,643.0800244739686,8.2048310454096779e-07,2.471713882879809e-06,0.0,0.0,0.0
10.0,26,633.5856234271015,1.0248283550159828e-06,2.3629477913575691e-06,0.0,0.0,0.0
10.0,27,621.1331161802057,1.1501497352675056e-06,2.2730861664808325e-06,0.0,0.0,0.0
10.0,28,605.4596667579917,1.1543153180631562e-06,2.2107825618436235e-06,0.0,0.0,0.0
10.0,29,654.1045489028126,4.7054999136743374e-07,3.8521933852966955e-06,0.0,0.0,0.0
10.0,30,655.8146994068384,3.9309370334381011e-43,3.9333015666112529e-06,-11.438918750717805,0.0,0.0
10.0,31,650.0962824204001,8.7056491093381841e-07,3.6784140160254443e-06,0.0,0.0,0.0
10.0,32,643.5214676528343,1.2044962582273323e-06,3.4237605898142026e-06,0.0,0.0,0.0
10.0,33,634.3001160211668,1.4483123287186393e-06,3.1144052964529813e-06,0.0,0.0,0.0
10.0,34,622.4014899428514,1.5805618848951054e-06,2.7981735342287667e-06,0.0,0.0,0.0
10.0,35,607.9016514126358,1.5878038325829346e-06,2.5740103068795888e-06,0.0,0.0,0.0
10.0,36,607.5731463449284,2.844604462755364e-07,6.8288728846493915e-41,0.0,1.2742883291253047,0.0
10.0,37,603.6049667588364,2.7675326565799555e-07,-1.041759038459605e-36,0.0,0.043069618420890632,0.0
10.0,38,602.421872847294,2.6841103663749378e-07,-3.6624102384275102e-08,0.0,0.0,0.0
10.0,39,604.9298332071385,2.7561003806686298e-07,-3.8885427102545231e-08,0.0,0.0,0.0
10.0,40,600.0,2.706202009736909e-07,1.4690282622648166e-42,0.0,-1.3144984374893052,-5.140741513449513
10.0,41,600.0,2.6270185267263896e-07,-3.4495191679939608e-08,0.0,0.0,-8.520839977218778
10.0,42,602.604873883992,2.3341479432579608e-07,-7.0648920061847501e-08,0.0,0.0,0.0
10.0,43,605.4082561312105,2.3894687074879039e-07,-8.1184229558737718e-08,0.0,0.0,0.0
10.0,44,600.0,2.2799615174277276e-07,-6.0233039019397336e-08,0.0,0.0,-8.264930698499086
10.0,45,602.6091715204692,1.3789306852293886e-07,-9.316986390256792e-08,0.0,0.0,0.0
10.0,46,605.418455135391,1.4408628771815174e-07,-1.04747753369021e-07,0.0,0.0,0.0
10.0,47,600.0,1.3511920309994939e-07,-8.1841879445529904e-08,0.0,0.0,-8.262940675457326
10.0,48,602.4061369306689,1.5326799266116524e-07,-1.1265944094245211e-07,0.0,0.0,0.0
10.0,49,604.8967708954614,1.5601830171627257e-07,-8.5556204076501608e-08,0.0,0.0,0.0
10.0,50,600.0,1.5234354061898889e-07,-1.3990931719473171e-07,0.0,0.0,-8.47423269670863
10.0,51,603.5766285721974,5.6097076968944761e-07,-1.6521676588223567e-07,0.0,0.0,0.0
10.0,52,607.5137924322995,5.8355372576220849e-07,-9.2447301030748382e-08,0.0,0.0,0.0
10.0,53,600.0,5.4904589234288178e-07,-2.3459808950597285e-07,0.0,0.0,-5.102194292181049
11.0,1,663.2592111365258,-3.1626915774406511e-44,5.2552620245625844e-43,-0.59162250500039537,40.74351780551558,0.0
11.0,2,661.2979854752936,4.2702437591581489e-07,-1.4263629510295841e-34,0.0,221.50106048354593,0.0
11.0,3,661.0152595768749,4.1248905648019407e-07,8.6361685731105457e-07,0.0,0.0,0.0
11.0,4,663.0056585141061,1.4168129095177617e-37,8.6442841613060305e-07,0.44991937192863968,0.0,0.0
11.0,5,656.7078898434966,8.1319503133645523e-07,-1.8423913748563213e-34,0.0,356.38909419663696,0.0
11.0,6,656.347208908852,8.0172480299267884e-07,8.6510645404085271e-07,0.0,0.0,0.0
11.0,7,649.1994768689591,1.1409093650824605e-06,-1.269144112028665e-34,0.0,332.42414939614849,0.0
11.0,8,648.6777623615371,1.1284172820151673e-06,8.7047937652656365e-07,0.0,0.0,0.0
11.0,9,638.7111926826549,1.3782771703626129e-06,7.3164708958861585e-35,0.0,62.397222053889607,0.0
11.0,10,637.8726917205843,1.3633858504380559e-06,8.7938317550156353e-07,0.0,0.0,0.0
11.0,11,625.24881855458,1.4920518554045455e-06,4.5154657543947001e-34,0.0,-530.00340295243348,0.0
11.0,12,623.7729522525012,1.4774003383919835e-06,8.922140487429896e-07,0.0,0.0,0.0
11.0,13,608.9474393221275,1.4543436768349088e-06,-9.3563556323504996e-41,0.0,-483.45384436864043,0.0
11.0,14,606.1351469892089,1.4340652561068135e-06,9.0553546072603687e-07,0.0,0.0,0.0
11.0,15,660.7836589912828,4.0908745240687899e-07,1.7684533969467806e-06,0.0,0.0,0.0
11.0,16,662.7874842893929,3.0102607518090116e-36,1.7677127393339677e-06,-2.8685114970289054,0.0,0.0
11.0,17,656.0872831618242,7.7066698105384373e-07,1.765468972082299e-06,0.0,0.0,0.0
11.0,18,648.3839152034682,1.0778318750070835e-06,1.7592518253025975e-06,0.0,0.0,0.0
11.0,19,637.5760039635312,1.2996929595607085e-06,1.7555896341862372e-06,0.0,0.0,0.0
11.0,20,623.6122647476495,1.4005888771382529e-06,1.7595501850088893e-06,0.0,0.0,0.0
11.0,21,606.5402880600958,1.3495212842963735e-06,1.7840947552218948e-06,0.0,0.0,0.0
11.0,22,660.9938237664165,3.1149086819965029e-07,2.9950102539107323e-06,0.0,0.0,0.0
11.0,23,662.9841127638662,-1.3052892680999083e-35,3.0364517960282986e-06,16.062785270869409,0.0,0.0
11.0,24,656.3256835971756,6.3613141893919635e-07,2.9096239402994394e-06,0.0,0.0,0.0
11.0,25,648.6558426327477,9.2573604314555146e-07,2.7931971925671518e-06,0.0,0.0,0.0
11.0,26,637.850207418913,1.1550144871053894e-06,2.6693918154159676e-06,0.0,0.0,0.0
11.0,27,623.7505788110486,1.2944051825115664e-06,2.5667907559649202e-06,0.0,0.0,0.0
11.0,28,606.1159180289312,1.2970452124459494e-06,2.4952699786030618e-06,0.0,0.0,0.0
11.0,29,661.2705629306439,5.3375926442788548e-07,4.3568392893115244e-06,0.0,0.0,0.0
11.0,30,663.2330360820398,1.2617283420619833e-43,4.4493524546007528e-06,-13.053723881544162,0.0,0.0
11.0,31,656.677658528029,9.86973899073206e-07,4.1587430877311265e-06,0.0,0.0,0.0
11.0,32,649.1639180563058,1.3648196277113654e-06,3.8687352296917419e-06,0.0,0.0,0.0
11.0,33,638.6661107531288,1.640277824760409e-06,3.5168153796988174e-06,0.0,0.0,0.0
11.0,34,625.1871514139697,1.7896617567722346e-06,3.1571598626512162e-06,0.0,0.0,0.0
11.0,35,608.8579712526079,1.7988444776924932e-06,2.9004892983478861e-06,0.0,0.0,0.0
11.0,36,608.4881043082775,4.4888433021804001e-07,9.8987647136135494e-41,0.0,1.0844571292376595,0.0
11.0,37,604.0407772383357,4.3510434286263254e-07,-1.1096091645306282e-36,0.0,0.085038825800851425,0.0
11.0,38,602.712714284901,4.2510504619935508e-07,-6.5067147631236468e-08,0.0,0.0,0.0
11.0,39,605.5213599279701,4.3787239614174408e-07,-6.7648849975579892e-08,0.0,0.0,0.0
11.0,40,600.0,4.2458728606975853e-07,-3.05694326089734e-42,0.0,-1.1672920395666992,-5.7613383819416475
11.0,41,600.0,4.1510128716086698e-07,-6.2635189478618748e-08,0.0,0.0,-9.546228023098884
11.0,42,602.918128016592,3.846108733066886e-07,-1.2590144545472271e-07,0.0,0.0,0.0
11.0,43,606.0582396812374,3.9528674195535906e-07,-1.3862875367714315e-07,0.0,0.0,0.0
11.0,44,600.0,3.7536541891759011e-07,-1.135980359739554e-07,0.0,0.0,-9.258883025928007
11.0,45,602.9228743109636,2.7523586225128084e-07,-1.6970240147909159e-07,0.0,0.0,0.0
11.0,46,606.0694695639618,2.8526416491367789e-07,-1.8223465643749992e-07,0.0,0.0,0.0
11.0,47,600.0,2.6951710682084621e-07,-1.5730322106421859e-07,0.0,0.0,-9.256877305871924
11.0,48,602.6957435732422,2.8931005915398243e-07,-2.0888389250390253e-07,0.0,0.0,0.0
11.0,49,605.485703890501,2.9657027704119329e-07,-1.8165581594630922e-07,0.0,0.0,0.0
11.0,50,600.0,2.8542329420798064e-07,-2.364404860051564e-07,0.0,0.0,-9.495658269589907
11.0,51,604.0096697311069,7.620535462370189e-07,-2.9502994917004656e-07,0.0,0.0,0.0
11.0,52,608.4228383060821,7.9530709174933662e-07,-2.0869260343546098e-07,0.0,0.0,0.0
11.0,53,600.0,7.4423179447685799e-07,-3.769973164347006e-07,0.0,0.0,-5.719177559097787
12.0,1,670.7735714221616,-1.4341656376759976e-44,3.9629276960457248e-43,-0.66209209201331387,45.776911428368216,0.0
12.0,2,668.5543373355957,4.7779272779205647e-07,-1.6010070352617649e-34,0.0,248.71756721664673,0.0
12.0,3,668.2312779759535,4.6152290909129632e-07,9.620508871608612e-07,0.0,0.0,0.0
12.0,4,670.4832856005592,1.6014052773523338e-37,9.6296375474484853e-07,0.5019237821854563,0.0,0.0
12.0,5,663.367028467928,9.0943525474994308e-07,-2.0634419798242675e-34,0.0,399.63455632088107,0.0
12.0,6,662.9564814934747,8.9671172391605151e-07,9.6373215822084304e-07,0.0,0.0,0.0
12.0,7,654.9015589100977,1.2750795523265272e-06,-1.4129821923793506e-34,0.0,371.70173692525782,0.0
12.0,8,654.3108350780722,1.2613820560718259e-06,9.6979855652979419e-07,0.0,0.0,0.0
12.0,9,643.1164248275621,1.5390815066524846e-06,8.3282992487255256e-35,0.0,68.218514851065294,0.0
12.0,10,642.1727979896397,1.5229166431019334e-06,9.7984966089594324e-07,0.0,0.0,0.0
12.0,11,628.0555085011445,1.6647406895391797e-06,5.0502234589213576e-34,0.0,-593.42513548693717,0.0
12.0,12,626.4058253452512,1.6489299916394947e-06,9.9425115791854827e-07,0.0,0.0,0.0
12.0,13,609.9136591490757,1.6220157150016524e-06,-1.1306251980474297e-40,0.0,-540.62635301605485,0.0
12.0,14,606.7937776259039,1.5993842034314259e-06,1.0089265534701059e-06,0.0,0.0,0.0
12.0,15,667.9671481627264,4.5768577099660713e-07,1.9700524915053934e-06,0.0,0.0,0.0
12.0,16,670.2340360982033,3.3912750426724323e-36,1.9692077689631687e-06,-3.2310481184569402,0.0,0.0
12.0,17,662.6612030707643,8.6173584628265125e-07,1.9667073288431341e-06,0.0,0.0,0.0
12.0,18,653.9788638689572,1.2043716981994783e-06,1.9596955940565826e-06,0.0,0.0,0.0
12.0,19,641.8398648636315,1.4511730403537068e-06,1.9555276697351442e-06,0.0,0.0,0.0
12.0,20,626.2271500365099,1.5628539498571629e-06,1.9600370535276434e-06,0.0,0.0,0.0
12.0,21,607.2429820149813,1.5058860023343265e-06,1.9880391796471003e-06,0.0,0.0,0.0
12.0,22,668.2078246090507,3.4787298449951669e-07,3.3397887292016344e-06,0.0,0.0,0.0
12.0,23,670.4595844942319,-1.4667279327596015e-35,3.3862778195241239e-06,18.058094710152094,0.0,0.0
12.0,24,662.9331470398106,7.1031111564267755e-07,3.2440276938551024e-06,0.0,0.0,0.0
12.0,25,654.2873249966999,1.0330480923228463e-06,3.1134958243087694e-06,0.0,0.0,0.0
12.0,26,642.1488904122358,1.2876904694657756e-06,2.9746980212180619e-06,0.0,0.0,0.0
12.0,27,626.3821487927348,1.441358716450954e-06,2.8595718032508946e-06,0.0,0.0,0.0
12.0,28,606.7734438053022,1.4424134886495961e-06,2.7793680394048019e-06,0.0,0.0,0.0
12.0,29,668.5253725315458,5.9759646396669285e-07,4.8617931260558021e-06,0.0,0.0,0.0
12.0,30,670.7459691128926,1.4127977764478678e-43,4.9658476135410641e-06,-14.668317120675873,0.0,0.0
12.0,31,663.3350503404534,1.1044915982006403e-06,4.6391207034491295e-06,0.0,0.0,0.0
12.0,32,654.8638251367665,1.5265350779070918e-06,4.3134593377800687e-06,0.0,0.0,0.0
12.0,33,643.0682811213871,1.8336919372661532e-06,3.9187619710956172e-06,0.0,0.0,0.0
12.0,34,627.9891120267553,2.000093354894778e-06,3.5156769856212308e-06,0.0,0.0,0.0
12.0,35,609.8167915360699,2.0111090176029173e-06,3.2266741481298525e-06,0.0,0.0,0.0
12.0,36,609.4048901804902,6.1643027090051402e-07,1.2024434523418742e-40,0.0,1.1994821421770232,0.0
12.0,37,604.4774643962949,5.9603565986995341e-07,-1.1796140380083577e-36,0.0,0.042894750540552362,0.0
12.0,38,603.0040227632079,5.8449357643650622e-07,-9.774441971260276e-08,0.0,0.0,0.0
12.0,39,606.1138102454312,6.0308609129535408e-07,-1.0019627527349743e-07,0.0,0.0,0.0
12.0,40,600.0,5.8026740970710873e-07,5.0469770076576194e-43,0.0,-1.2401747250479032,-6.383168630152688
12.0,41,600.0,5.694323225195186e-07,-9.5499268143372019e-08,0.0,0.0,-10.573445494917426
12.0,42,603.2319034378079,5.4403895638421845e-07,-1.9155193134945483e-07,0.0,0.0,0.0
12.0,43,606.709300408054,5.6084364280627194e-07,-2.0576783101996265e-07,0.0,0.0,0.0
12.0,44,600.0,5.2940821209789499e-07,-1.7763135244411739e-07,0.0,0.0,-10.254542479826387
12.0,45,603.2371008003043,4.1612177188716718e-07,-2.6415905334068503e-07,0.0,0.0,0.0
12.0,46,606.7215489339803,4.3208080229330891e-07,-2.7886321896323753e-07,0.0,0.0,0.0
12.0,47,600.0,4.0657124244970506e-07,-2.4976981051037991e-07,0.0,0.0,-10.252596460422737
12.0,48,602.9859771445244,4.2717320961957085e-07,-3.2919958105236715e-07,0.0,0.0,0.0
12.0,49,606.0758970674298,4.3997644629511552e-07,-2.9868580955240278e-07,0.0,0.0,0.0
12.0,50,600.0,4.2004714382667146e-07,-3.5963687557334575e-07,0.0,0.0,-10.519370854029887
12.0,51,604.4437816578454,9.6567213889538589e-07,-4.4926451463601799e-07,0.0,0.0,0.0
12.0,52,609.3341206587111,1.0083090716853792e-06,-3.507453376369131e-07,0.0,0.0,0.0
12.0,53,600.0,9.417296182603757e-07,-5.4297475855168659e-07,0.0,0.0,-6.337715064261037
13.0,1,678.3755037294469,-5.8613890166247264e-45,4.0535140018476734e-43,-0.73305379193114362,50.884830336745779,0.0
13.0,2,675.8927273946421,5.2912116732274482e-07,-1.7781278121086017e-34,0.0,276.32529979791275,0.0
13.0,3,675.5283253818005,5.1109951028835414e-07,1.0614263977559956e-06,0.0,0.0,0.0
13.0,4,678.0475303703176,1.736413545147679e-37,1.0624492960490187e-06,0.55937752310531386,0.0,0.0
13.0,5,670.096019912396,1.0066965239283977e-06,-2.287413823864848e-34,0.0,443.46313555750544,0.0
13.0,6,669.6344529215854,9.9271175849113948e-07,1.0632814416255874e-06,0.0,0.0,0.0
13.0,7,660.6558585074057,1.4106010175675041e-06,-1.5586259539365026e-34,0.0,411.44775573683523,0.0
13.0,8,659.9947364686916,1.3956730772272341e-06,1.0700114019365746e-06,0.0,0.0,0.0
13.0,9,647.5537951848361,1.7014049398510512e-06,9.3471521291419875e-35,0.0,74.044392683647771,0.0
13.0,10,646.503378709671,1.6838942653893962e-06,1.0811646728541939e-06,0.0,0.0,0.0
13.0,11,630.8758460685093,1.8389536864872142e-06,5.5894268641938347e-34,0.0,-657.61656615265792,0.0
13.0,12,629.0506166433322,1.8218504816778037e-06,1.0970863863306505e-06,0.0,0.0,0.0
13.0,13,610.8811290429031,1.791078893109233e-06,-1.3920857179404691e-40,0.0,-598.55113812839193,0.0
13.0,14,607.453041086974,1.7659471872151062e-06,1.1131069052370044e-06,0.0,0.0,0.0
13.0,15,675.230970195554,5.0694385382210245e-07,2.173285677949405e-06,0.0,0.0,0.0
13.0,16,677.7665154936036,3.7770505249657167e-36,2.1723287169424837e-06,-3.6033011351845072,0.0,0.0
13.0,17,669.3031499719074,9.5400116741950259e-07,2.1695922423837681e-06,0.0,0.0,0.0
13.0,18,659.6240686987786,1.3324914428591146e-06,2.1617979205477612e-06,0.0,0.0,0.0
13.0,19,646.1338707921188,1.6044170799878103e-06,2.1571257561576984e-06,0.0,0.0,0.0
13.0,20,628.8540040228248,1.7268544407689829e-06,2.1621417821296945e-06,0.0,0.0,0.0
13.0,21,607.9463562429249,1.6637905354723595e-06,2.1934393075321336e-06,0.0,0.0,0.0
13.0,22,675.5031096371096,3.8476694795671335e-07,3.6870160094689568e-06,0.0,0.0,0.0
13.0,23,678.0219052867651,-1.62982245172405e-35,3.7386158547096152e-06,20.074711361978636,0.0,0.0
13.0,24,669.6096009351538,7.8551725688028466e-07,3.5807524868655494e-06,0.0,0.0,0.0
13.0,25,659.9699615877574,1.1418351967128026e-06,3.4359539847981555e-06,0.0,0.0,0.0
13.0,26,646.4783837352061,1.4222085863609107e-06,3.2820187770530877e-06,0.0,0.0,0.0
13.0,27,629.0259384326635,1.5904487663347857e-06,3.1542879128293408e-06,0.0,0.0,0.0
13.0,28,607.4318012535177,1.5901588284137559e-06,3.0653975582950764e-06,0.0,0.0,0.0
13.0,29,675.8628455596944,6.6217217340573519e-07,5.3706048480831105e-06,0.0,0.0,0.0
13.0,30,678.3471010196715,1.3121059126458126e-43,5.4863852800078051e-06,-16.299496176360851,0.0,0.0
13.0,31,670.0629276840168,1.223309103194186e-06,5.1229795234728878e-06,0.0,0.0,0.0
13.0,32,660.6165891083167,1.689899465965288e-06,4.7611692340887685e-06,0.0,0.0,0.0
13.0,33,647.5032196582849,2.0288358669525096e-06,4.3232137175409416e-06,0.0,0.0,0.0
13.0,34,630.8053188785372,2.2120541224117107e-06,3.8764244059972544e-06,0.0,0.0,0.0
13.0,35,610.7774495968468,2.2244679442626355e-06,3.5552938961108795e-06,0.0,0.0,0.0
13.0,36,610.3228695687563,7.8539332228229983e-07,1.4457782471423643e-40,0.0,1.3156999551441191,0.0
13.0,37,604.9147153412962,7.5854879455458486e-07,-1.2566426217826454e-36,0.0,0.032417918642724031,0.0
13.0,38,603.2956044318124,7.4493821152331577e-07,-1.3067304500764773e-07,0.0,0.0,0.0
13.0,39,606.7067987606769,7.6965376567398318e-07,-1.3306523660488512e-07,0.0,0.0,0.0
13.0,40,600.0,7.3736610263714113e-07,5.6389533593724884e-44,0.0,-1.345827248390796,-7.005809718525439
13.0,41,600.0,7.2490672738819349e-07,-1.2851748976795785e-07,0.0,0.0,-11.601823713354442
13.0,42,603.5459873398684,7.0452905633328887e-07,-2.5766369581353274e-07,0.0,0.0,0.0
13.0,43,607.3610112898148,7.2717036409022983e-07,-2.7322513593540538e-07,0.0,0.0,0.0
13.0,44,600.0,6.8433469196829938e-07,-2.4238936737761938e-07,0.0,0.0,-11.251282746818612
13.0,45,603.5516286196302,5.5956422141681425e-07,-3.6039758380151964e-07,0.0,0.0,0.0
13.0,46,607.3742239217739,5.8172629977153169e-07,-3.7739089469722467e-07,0.0,0.0,0.0
13.0,47,600.0,5.4566913202267355e-07,-3.438088822937402e-07,0.0,0.0,-11.24944451055023
13.0,48,603.276647826682,5.6763738646717526e-07,-4.5430733487170581e-07,0.0,0.0,0.0
13.0,49,606.6669582320818,5.8631937191658194e-07,-4.2004479331665709e-07,0.0,0.0,0.0
13.0,50,600.0,5.5697371097387767e-07,-4.8835732522638824e-07,0.0,0.0,-11.544664255884122
13.0,51,604.8786632236441,1.1706360643824644e-06,-6.0904012913925243e-07,0.0,0.0,0.0
13.0,52,610.2470251012194,1.2222926858154646e-06,-4.988348082714631e-07,0.0,0.0,0.0
13.0,53,600.0,1.1405033006469248e-06,-7.1396567391300554e-07,0.0,0.0,-6.9573602191985255
14.0,1,686.0611925133078,-7.7608258561153522e-45,4.298336466230187e-43,-0.805642673573987,56.069569518008876,0.0
14.0,2,683.3094875724726,5.8101178870897135e-07,-1.9578376265753031e-34,0.0,304.33707471130577,0.0
14.0,3,682.9027777692457,5.6119636892389354e-07,1.1615781970865583e-06,0.0,0.0,0.0
14.0,4,685.694620092498,1.860685706171292e-37,1.1627162956835116e-06,0.61953097370262111,0.0,0.0
14.0,5,676.8915345964192,1.1049822968790518e-06,-2.5144804363166349e-34,0.0,487.89313504543725,0.0
14.0,6,676.3778406081539,1.0896836926565618e-06,1.1635995069261389e-06,0.0,0.0,0.0
14.0,7,666.4595804868816,1.5474748046242862e-06,-1.7061104687840177e-34,0.0,451.66600038629826,0.0
14.0,8,665.7267257747455,1.5312410810267293e-06,1.170984939353521e-06,0.0,0.0,0.0
14.0,9,652.0212134894415,1.8652368276687228e-06,1.0378265745861002e-34,0.0,79.832677762890256,0.0
14.0,10,650.8624134745126,1.846278057244597e-06,1.1832337404409333e-06,0.0,0.0,0.0
14.0,11,633.7085680037843,2.0146521031604695e-06,6.1345501275951467e-34,0.0,-722.68030191330479,0.0
14.0,12,631.7061605089915,1.9961503914206749e-06,1.2006820454665205e-06,0.0,0.0,0.0
14.0,13,611.8494578502218,1.9614481609870481e-06,-1.6269921483135566e-40,0.0,-657.12055683763128,0.0
14.0,14,608.1126792490202,1.9337897121271036e-06,1.2180959557273744e-06,0.0,0.0,0.0
14.0,15,682.5715439438962,5.5674870708124229e-07,2.378104582893073e-06,0.0,0.0,0.0
14.0,16,685.3811934569358,4.1676746509559232e-36,2.3770284696102641e-06,-3.9814731090676725,0.0,0.0
14.0,17,676.0098827624395,1.0472405577926337e-06,2.374070629053942e-06,0.0,0.0,0.0
14.0,18,665.3168270112693,1.4618660946065374e-06,2.3654991169246354e-06,0.0,0.0,0.0
14.0,19,650.4560324368949,1.7590088167224967e-06,2.3603250863606084e-06,0.0,0.0,0.0
14.0,20,631.4916784682384,1.8920991869583514e-06,2.3658378202996483e-06,0.0,0.0,0.0
14.0,21,608.6501495632725,1.8226846297890959e-06,2.400392337338695e-06,0.0,0.0,0.0
14.0,22,682.8760769065382,4.2205547914289374e-07,4.0370214316451401e-06,0.0,0.0,0.0
14.0,23,685.6673245969981,-1.794996736676937e-35,4.0937975024295568e-06,22.11696094198475,0.0,0.0
14.0,24,676.3517837767389,8.6151661494181112e-07,3.9201234343249702e-06,0.0,0.0,0.0
14.0,25,665.7010295725794,1.2517385591515399e-06,3.7608871880770008e-06,0.0,0.0,0.0
14.0,26,650.8366786383289,1.5580692411417087e-06,3.5916461227876054e-06,0.0,0.0,0.0
14.0,27,631.6807851895003,1.741020325286664e-06,3.4511816879236232e-06,0.0,0.0,0.0
14.0,28,608.0907283290761,1.7394776342570914e-06,3.353507141635836e-06,0.0,0.0,0.0
14.0,29,683.2793524400051,7.2746774516650149e-07,5.8837490581713039e-06,0.0,0.0,0.0
14.0,30,686.032657045928,1.3310406841496041e-43,6.0114400922078127e-06,-17.951501159373837,0.0,0.0
14.0,31,676.8579946139445,1.3433918556517558e-06,5.6107912352561887e-06,0.0,0.0,0.0
14.0,32,666.4194401239645,1.8548864356066122e-06,5.2123210120309934e-06,0.0,0.0,0.0
14.0,33,651.9688486428795,2.225730942923118e-06,4.7305752596602226e-06,0.0,0.0,0.0
14.0,34,633.6345030119971,2.4256645836769698e-06,4.2396756599325335e-06,0.0,0.0,0.0
14.0,35,611.7395214818749,2.4391894356045242e-06,3.8863386392483022e-06,0.0,0.0,0.0
14.0,36,611.2416720518921,9.5568646467277142e-07,1.6810686979683543e-40,0.0,1.3665802837340209,0.0
14.0,37,605.3523549896385,9.2239426323439678e-07,-1.2753638897413171e-36,0.0,0.029383661747428125,0.0
14.0,38,603.5873460096989,9.067015289065626e-07,-1.6387119895271947e-07,0.0,0.0,0.0
14.0,39,607.3000899226095,9.3762964514035155e-07,-1.6623957747839207e-07,0.0,0.0,0.0
14.0,40,600.0,8.9573377593734294e-07,5.9718469443092436e-44,0.0,-1.3935621252578509,-7.628999487661587
14.0,41,600.0,8.8167239709586623e-07,-1.6176566195707204e-07,0.0,0.0,-12.630934786232222
14.0,42,603.860263967202,8.6581221231988038e-07,-3.2425008281706925e-07,0.0,0.0,0.0
14.0,43,608.0131300655814,8.9432173672563335e-07,-3.4120460248541105e-07,0.0,0.0,0.0
14.0,44,600.0,8.4003331077143571e-07,-3.0758634661462161e-07,0.0,0.0,-12.248697164877157
14.0,45,603.8663337944527,7.0409061641754427e-07,-4.573889920777078e-07,0.0,0.0,0.0
14.0,46,608.0272559763231,7.3244090503612364e-07,-4.7659040135551919e-07,0.0,0.0,0.0
14.0,47,600.0,6.8576756949190639e-07,-4.3867264723331154e-07,0.0,0.0,-12.247023298042588
14.0,48,603.5676320674738,7.0998256768246721e-07,-5.8063494144372034e-07,0.0,0.0,0.0
14.0,49,607.2586447492351,7.3463908275137765e-07,-5.4248951495249688e-07,0.0,0.0,0.0
14.0,50,600.0,6.956530396262955e-07,-6.1842661306283508e-07,0.0,0.0,-12.571113678686995
14.0,51,605.3141293324679,1.3769317874526981e-06,-7.7056570732398204e-07,0.0,0.0,0.0
14.0,52,611.1611501201647,1.4375149373076973e-06,-6.4883910583740548e-07,0.0,0.0,0.0
14.0,53,600.0,1.3404880092502442e-06,-8.8655483047050304e-07,0.0,0.0,-7.577847739345023
15.0,1,693.8284601979402,-3.8427761279394928e-45,4.3171352808575512e-43,-0.87966640134704455,61.329534969617519,0.0
15.0,2,690.8025121813396,6.3344918295999109e-07,-2.1400649333593549e-34,0.0,332.74358148236718,0.0
15.0,3,690.3525536301465,6.1180309973316232e-07,1.2624712468318709e-06,0.0,0.0,0.0
15.0,4,693.4224005737942,1.9770848213855069e-37,1.2637289850688315e-06,0.68190542804074128,0.0,0.0
15.0,5,683.7516362171343,1.2042624476489718e-06,-2.7444962102127383e-34,0.0,532.90689773233612,0.0
15.0,6,683.1847340867154,1.1876079877608257e-06,1.2646534290746474e-06,0.0,0.0,0.0
15.0,7,672.3110681543724,1.6856561370444231e-06,-1.8552000061199071e-34,0.0,492.3335935452584,0.0
15.0,8,671.5051758778694,1.6680604289836687e-06,1.2726901817183061e-06,0.0,0.0,0.0
15.0,9,656.5174132899941,2.030518494920011e-06,1.1424395868279168e-34,0.0,85.567424311806846,0.0
15.0,10,655.2486739495154,2.0100398747518885e-06,1.2860330559133986e-06,0.0,0.0,0.0
15.0,11,636.5528922646248,2.1917677517347527e-06,6.6855716787520453e-34,0.0,-788.58563597831221,0.0
15.0,12,634.371730773146,2.1718002812333031e-06,1.3050170693491622e-06,0.0,0.0,0.0
15.0,13,612.8183948455468,2.133061125081393e-06,-1.8530062389040044e-40,0.0,-716.29793728400205,0.0
15.0,14,608.7725261188655,2.1028738190833089e-06,1.3238616014812903e-06,0.0,0.0,0.0
15.0,15,689.9868118266362,6.0708313802705032e-07,2.5844403283676182e-06,0.0,0.0,0.0
15.0,16,693.0759402493558,4.5633721082214665e-36,2.5832389196324811e-06,-4.3655022602540612,0.0,0.0
15.0,17,682.7795146519045,1.141421717775748e-06,2.5800714803558995e-06,0.0,0.0,0.0
15.0,18,671.0555350248302,1.5924527257735788e-06,2.5707248200042098e-06,0.0,0.0,0.0
15.0,19,654.8051425631148,1.9149030625541268e-06,2.5650487632150388e-06,0.0,0.0,0.0
15.0,20,634.1394601863182,2.0585548048305345e-06,2.5710526789550935e-06,0.0,0.0,0.0
15.0,21,609.3541880794292,1.9825667816377683e-06,2.6088502148613141e-06,0.0,0.0,0.0
15.0,22,690.3246602209533,4.5971616810343158e-07,4.3897383261051752e-06,0.0,0.0,0.0
15.0,23,693.393703179594,-1.962274341416851e-35,4.4517551826937222e-06,24.185303246209905,0.0,0.0
15.0,24,683.1578001682341,9.382633819368984e-07,4.2620757185249534e-06,0.0,0.0,0.0
15.0,25,671.4789155713688,1.3626854815763111e-06,4.0882323975470077e-06,0.0,0.0,0.0
15.0,26,655.2225581422189,1.6951663958546993e-06,3.9035167290961738e-06,0.0,0.0,0.0
15.0,27,634.345971439361,1.8929242464744418e-06,3.7501858502036515e-06,0.0,0.0,0.0
15.0,28,608.7500666584011,1.8901670468222767e-06,3.6436279671381325e-06,0.0,0.0,0.0
15.0,29,690.772819028856,7.934688961304843e-07,6.4011425462147741e-06,0.0,0.0,0.0
15.0,30,693.8004927184461,1.4240410961855321e-43,6.5409255558493936e-06,-19.624568748405636,0.0,0.0
15.0,31,683.7183433737936,1.4647143747048887e-06,6.1024796283226575e-06,0.0,0.0,0.0
15.0,32,672.2707451766051,2.0214671577804085e-06,5.6668472286144617e-06,0.0,0.0,0.0
15.0,33,656.4639183691628,2.4243586142213132e-06,5.1407835441270139e-06,0.0,0.0,0.0
15.0,34,636.4758905112697,2.6409376614327641e-06,4.6053527755256757e-06,0.0,0.0,0.0
15.0,35,612.7027559854624,2.6553490497347343e-06,4.2196572596294197e-06,0.0,0.0,0.0
15.0,36,612.161059565223,1.1272369528774461e-06,1.9099090953491321e-40,0.0,1.3795059689009328,0.0
15.0,37,605.7902713061736,1.0874876718559776e-06,-1.2610932453055861e-36,0.0,0.028527009876367693,0.0
15.0,38,603.8791723891715,1.0697306378810578e-06,-1.9732808909588597e-07,0.0,0.0,0.0
15.0,39,607.8935349655001,1.1069462670735061e-06,-1.9969453707735608e-07,0.0,0.0,0.0
15.0,40,600.0,1.0552935968414226e-06,4.8694562026063251e-44,0.0,-1.4054912239469257,-8.252578113013612
15.0,41,600.0,1.0396739401343514e-06,-1.9524807890215374e-07,0.0,0.0,-13.660517935979819
15.0,42,604.1746555566052,1.0279724894792061e-06,-3.9130258447551701e-07,0.0,0.0,0.0
15.0,43,608.6654902677426,1.0623870422086276e-06,-4.0969358614991318e-07,0.0,0.0,0.0
15.0,44,600.0,9.9658476742145546e-07,-3.7321418184247614e-07,0.0,0.0,-13.24653419481318
15.0,45,604.1811419035685,8.4961279574693633e-07,-5.5509853046221482e-07,0.0,0.0,0.0
15.0,46,608.68048922255,8.8414952746371096e-07,-5.7645693584317033e-07,0.0,0.0,0.0
15.0,47,600.0,8.2679776408884614e-07,-5.3430031056833441e-07,0.0,0.0,-13.245083591243013
15.0,48,603.8588591131489,8.5391693816055639e-07,-7.080237491959146e-07,0.0,0.0,0.0
15.0,49,607.8508148343724,8.8460813812168777e-07,-6.658954917899334e-07,0.0,0.0,0.0
15.0,50,600.0,8.3582449769826742e-07,-7.4965625901530868e-07,0.0,0.0,-13.598462176487534
15.0,51,605.750066373951,1.58460788906477e-06,-9.3357994576639079e-07,0.0,0.0,0.0
15.0,52,612.0762550505667,1.6540763905148591e-06,-8.0040832629227213e-07,0.0,0.0,0.0
15.0,53,600.0,1.5417555549600794e-06,-1.0605601196702067e-06,0.0,0.0,-8.19901920291873
16.0,1,701.6761483916362,-7.9311692538302742e-45,4.5620805368893597e-43,-0.95499627033009482,66.663923791027784,0.0
16.0,2,698.370667383242,6.864248472437542e-07,-2.3247700858474448e-34,0.0,361.53992065824821,0.0
16.0,3,697.8765305613691,6.6291453124111822e-07,1.3640856320099469e-06,0.0,0.0,0.0
16.0,4,701.2297246671098,2.087226440622547e-37,1.3654670056997286e-06,0.74621058660924955,0.0,0.0
16.0,5,690.6752544479841,1.304520005493496e-06,-2.9773722788883845e-34,0.0,578.49445111860302,0.0
16.0,6,690.0540745672325,1.2864748311686389e-06,1.3664246243082564e-06,0.0,0.0,0.0
16.0,7,678.2093714475817,1.8251191504302037e-06,-2.0057421188695637e-34,0.0,533.43661897990955,0.0
16.0,8,677.3291496880178,1.8061180300043317e-06,1.3751110559697125e-06,0.0,0.0,0.0
16.0,9,661.0416384053133,2.1972153002748215e-06,1.2487314782872081e-34,0.0,91.238556477370025,0.0
16.0,10,659.6614220187663,2.1751648671667474e-06,1.3895498119039095e-06,0.0,0.0,0.0
16.0,11,639.4083354630659,2.3702602532740373e-06,7.2424450155637613e-34,0.0,-855.31106366538643,0.0
16.0,12,637.0468747591954,2.3487832439731212e-06,1.4100801497362456e-06,0.0,0.0,0.0
16.0,13,613.7877844531392,2.3058829970150203e-06,-2.0734317772781885e-40,0.0,-776.06511616786486,0.0
16.0,14,609.4324784758786,2.2731741790367643e-06,1.4303847016925318e-06,0.0,0.0,0.0
16.0,15,697.47566511732,6.5793808109431686e-07,2.7922524337620201e-06,0.0,0.0,0.0
16.0,16,700.8496227282686,4.964305430534757e-36,2.790920133874791e-06,-4.7553894327611559,0.0,0.0
16.0,17,689.6110006899478,1.2365274093867677e-06,2.7875527758354859e-06,0.0,0.0,0.0
16.0,18,676.8392699067658,1.7242284623772749e-06,2.7774305467990569e-06,0.0,0.0,0.0
16.0,19,659.1804773486432,2.0720765505049429e-06,2.7712503149307338e-06,0.0,0.0,0.0
16.0,20,636.7969056540588,2.2262071436944003e-06,2.7777425029359683e-06,0.0,0.0,0.0
16.0,21,610.0583614076234,2.1434463255030413e-06,2.8187848043374935e-06,0.0,0.0,0.0
16.0,22,697.8477509698641,4.9773595833035747e-07,4.7451301230105919e-06,0.0,0.0,0.0
16.0,23,701.1999071753614,-2.1316813744925161e-35,4.8124520164981567e-06,26.280161426125598,0.0,0.0
16.0,24,690.0266053796719,1.0157307618523387e-06,4.6065733799042739e-06,0.0,0.0,0.0
16.0,25,677.3026959763362,1.4746326276380825e-06,4.4179539596165759e-06,0.0,0.0,0.0
16.0,26,659.6352956692957,1.8334351888431453e-06,4.2175937108222601e-06,0.0,0.0,0.0
16.0,27,637.0210525373126,2.0460667233383887e-06,4.0512598396252172e-06,0.0,0.0,0.0
16.0,28,609.4097167032652,2.0420959197405783e-06,3.9357181612675798e-06,0.0,0.0,0.0
16.0,29,698.342142161078,8.6016971000997938e-07,6.9227408240381348e-06,0.0,0.0,0.0
16.0,30,701.6494814900265,1.4736902916952687e-43,7.07479575226533e-06,-21.318961194335252,0.0,0.0
16.0,31,690.6429320597906,1.5872661476069768e-06,6.598003364475903e-06,0.0,0.0,0.0
16.0,32,678.1695788772444,2.1896311261418295e-06,6.1247104110243714e-06,0.0,0.0,0.0
16.0,33,660.9876918145803,2.6247169220373455e-06,5.5538019450132212e-06,0.0,0.0,0.0
16.0,34,639.32901003163,2.8578939942178596e-06,4.9734071048053132e-06,0.0,0.0,0.0
16.0,35,613.667001968292,2.8730118325423548e-06,4.5551490256583022e-06,0.0,0.0,0.0
16.0,36,613.0808844165325,1.3000037841350435e-06,2.1333106094648574e-40,0.0,1.3721422908494165,0.0
16.0,37,606.2283938259776,1.2537792707375117e-06,-1.2305865648049487e-36,0.0,0.02778409146246541,0.0
16.0,38,604.171037682224,1.2339872219584822e-06,-2.310364406011258e-07,0.0,0.0,0.0
16.0,39,608.487040993074,1.2775556011907421e-06,-2.3341458426122758e-07,0.0,0.0,0.0
16.0,40,600.0,1.2160013640147447e-06,4.0701845853225028e-44,0.0,-1.3972169952505606,-8.876446318790487
16.0,41,600.0,1.1988710672951216e-06,-2.2896652894147762e-07,0.0,0.0,-14.690411205622205
16.0,42,604.4891124942941,1.1910714634901617e-06,-4.5881766991188734e-07,0.0,0.0,0.0
16.0,43,609.317989259602,1.2314301415390193e-06,-4.7868262344776897e-07,0.0,0.0,0.0
16.0,44,600.0,1.1540479586448949e-06,-4.3927271842305442e-07,0.0,0.0,-14.244637515333388
16.0,45,604.4960036964983,9.9609213785509145e-07,-6.5350736031371664e-07,0.0,0.0,0.0
16.0,46,609.3338213087783,1.0368249716157597e-06,-6.7699347750152439e-07,0.0,0.0,0.0
16.0,47,600.0,9.6873305683012002e-07,-6.3065354147195488e-07,0.0,0.0,-14.243470567664424
16.0,48,604.1502854201133,9.9923845392482715e-07,-8.3639052194649121e-07,0.0,0.0,0.0
16.0,49,608.4433806870514,1.036008485653377e-06,-7.9019877311833343e-07,0.0,0.0,0.0
16.0,50,600.0,9.7730762367591849e-07,-8.8194499668380243e-07,0.0,0.0,-14.626553334760235
16.0,51,606.1864054753719,1.7937148906930626e-06,-1.0979408479934925e-06,0.0,0.0,0.0
16.0,52,612.992194685048,1.872062490416259e-06,-9.5334058947639071e-07,0.0,0.0,0.0
16.0,53,600.0,1.7443718766983973e-06,-1.2358950332834386e-06,0.0,0.0,-8.820778190077172
17.0,1,709.6037356706598,-2.830175498633228e-45,4.7128485784684247e-43,-1.0315495149027147,72.072447013476889,0.0
17.0,2,706.0134260931258,7.3993470465203982e-07,-2.5119344096915146e-34,0.0,390.72406902079223,0.0
17.0,3,705.4741848493983,7.1452871525848796e-07,1.4664105463421543e-06,0.0,0.0,0.0
17.0,4,709.1160741171062,2.1920183041794105e-37,1.4679192850330389e-06,0.81227283465592226,0.0,0.0
17.0,5,697.6618583980355,1.4057464450111264e-06,-3.2130575516505048e-34,0.0,624.65085128628471,0.0
17.0,6,696.9853343817609,1.3862804009273831e-06,1.4689031232542512e-06,0.0,0.0,0.0
17.0,7,684.1539795986024,1.96585013253662e-06,-2.1576397787529241e-34,0.0,574.96700369884252,0.0
17.0,8,683.1981397994963,1.94540850810377e-06,1.4782391966964931e-06,0.0,0.0,0.0
17.0,9,665.5934496369391,2.365308017879264e-06,1.3568172807967929e-34,0.0,96.839551553969358,0.0
17.0,10,664.1002248930142,2.3416464124521419e-06,1.4937777163024929e-06,0.0,0.0,0.0
17.0,11,642.2745998691167,2.5501068338029221e-06,7.8051244550554181e-34,0.0,-922.84249954918255,0.0
17.0,12,639.7313104035006,2.5270904642260507e-06,1.5158658379895791e-06,0.0,0.0,0.0
17.0,13,614.7575305066014,2.4798955825865161e-06,-2.2886853174435155e-40,0.0,-836.4143237737552,0.0
17.0,14,610.0924718905072,2.4446746750323713e-06,1.537654434447295e-06,0.0,0.0,0.0
17.0,15,705.0375867393082,7.0930937220205033e-07,3.0015181501801961e-06,0.0,0.0,0.0
17.0,16,708.7017296836673,5.3705981781878367e-36,3.000049728960953e-06,-5.1511672193941633,0.0,0.0
17.0,17,696.5038202931607,1.3325494401245214e-06,2.9964907067126088e-06,0.0,0.0,0.0
17.0,18,682.6675326533901,1.8571823093733614e-06,2.9855907639373346e-06,0.0,0.0,0.0
17.0,19,663.5816128469311,2.2305185642271464e-06,2.9789027615342645e-06,0.0,0.0,0.0
17.0,20,639.4637390056258,2.3950520180834141e-06,2.9858819055330797e-06,0.0,0.0,0.0
17.0,21,610.7626006614471,2.3053356899469341e-06,3.0301808426685182e-06,0.0,0.0,0.0
17.0,22,705.4448383003199,5.3610752232961918e-07,5.1031791879763686e-06,0.0,0.0,0.0
17.0,23,709.0854305643498,-2.303243274157506e-35,5.1758703894590282e-06,28.401912931618494,0.0,0.0
17.0,24,696.9576852062312,1.0939036083538751e-06,4.953598724413942e-06,0.0,0.0,0.0
17.0,25,683.1718764017519,1.5875547864905362e-06,4.7500337492662442e-06,0.0,0.0,0.0
17.0,26,664.0744689730078,1.9728365244431913e-06,4.5338574218417148e-06,0.0,0.0,0.0
17.0,27,639.7057532929138,2.2003892701460501e-06,4.3543809156533221e-06,0.0,0.0,0.0
17.0,28,610.0696174294605,2.1951800765626661e-06,4.2297539425971588e-06,0.0,0.0,0.0
17.0,29,705.9868251989212,9.2756888729887814e-07,7.4485246011387954e-06,0.0,0.0,0.0
17.0,30,709.5791334452385,1.5918843301593429e-43,7.6130311009043978e-06,-23.034934112793774,0.0,0.0
17.0,31,697.6312583726203,1.7110447966675864e-06,7.0973439381794013e-06,0.0,0.0,0.0
17.0,32,684.1154556923062,2.3593773278733738e-06,6.5858929529957768e-06,0.0,0.0,0.0
17.0,33,665.53975008684,2.826811323908092e-06,5.9696117580006345e-06,0.0,0.0,0.0
17.0,34,642.193577069373,3.076554608974173e-06,5.3438105097332708e-06,0.0,0.0,0.0
17.0,35,614.6321679827186,3.0922293747059281e-06,4.8927493687496226e-06,0.0,0.0,0.0
17.0,36,614.0010553380628,1.4739651106677094e-06,2.3528272549202272e-40,0.0,1.3553761217660381,0.0
17.0,37,606.6666790067437,1.4212405945194609e-06,-1.1942291652720899e-36,0.0,0.026527948871260199,0.0
17.0,38,604.4629132184124,1.3994445484340351e-06,-2.6499138122922901e-07,0.0,0.0,0.0
17.0,39,609.0805498998842,1.4494243134246035e-06,-2.6738985850224271e-07,0.0,0.0,0.0
17.0,40,600.0,1.3778325927077795e-06,3.7311223588356334e-44,0.0,-1.3790026932643022,-9.500542752974285
17.0,41,600.0,1.3592356057940319e-06,-2.6292170636320966e-07,0.0,0.0,-15.720514003044936
17.0,42,604.8036038376496,1.3551546848446533e-06,-5.2679453413872055e-07,0.0,0.0,0.0
17.0,43,609.9705630770718,1.4014975233128688e-06,-5.4816542256525032e-07,0.0,0.0,0.0
17.0,44,600.0,1.3124662046042322e-06,-5.0576488824546358e-07,0.0,0.0,-15.242909868987411
17.0,45,604.8108884016307,1.1435132187680861e-06,-7.5260531886698451e-07,0.0,0.0,0.0
17.0,46,609.9871882271652,1.1904608126210829e-06,-7.7820523012066814e-07,0.0,0.0,0.0
17.0,47,600.0,1.1115656590966368e-06,-7.2770826360952326e-07,0.0,0.0,-15.242088152094738
17.0,48,604.4418845807581,1.1458103425347786e-06,-9.6569084243913211e-07,0.0,0.0,0.0
17.0,49,609.0362889715267,1.1886963939565087e-06,-9.1536665027105276e-07,0.0,0.0,0.0
17.0,50,600.0,1.1199805650566733e-06,-1.015236837750123e-06,0.0,0.0,-15.655291940873495
17.0,51,606.6231048074837,2.0042954765575998e-06,-1.2635689982867334e-06,0.0,0.0,0.0
17.0,52,613.9088806208637,2.0915397390152627e-06,-1.1075159706507836e-06,0.0,0.0,0.0
17.0,53,600.0,1.9483901112634697e-06,-1.4125184898054744e-06,0.0,0.0,-9.443066321096323
18.0,1,717.611099349011,-3.9384199662171938e-45,4.9884255455677096e-43,-1.1092747482704124,77.555146177994786,0.0
18.0,2,713.7306412991248,7.9397750174344162e-07,-2.7015528364677202e-34,0.0,420.2958593292779,0.0
18.0,3,713.1453671575227,7.6664571307032355e-07,1.5694407214613739e-06,0.0,0.0,0.0
18.0,4,717.0813242432841,2.2919614209096464e-37,1.5710803978938769e-06,0.87999063819913614,0.0,0.0
18.0,5,704.7112555404193,1.5079386384079016e-06,-3.4515256453834848e-34,0.0,671.37441011319538,0.0
18.0,6,703.9783176866121,1.4870246029874553e-06,1.5720841836012285e-06,0.0,0.0,0.0
18.0,7,690.144657037632,2.107843144779531e-06,-2.3108320503553626e-34,0.0,616.92044269878784,0.0
18.0,8,689.1119074471328,2.0859312913719854e-06,1.5820708924700088e-06,0.0,0.0,0.0
18.0,9,670.1726061347299,2.5347872617528028e-06,1.4667733622147446e-34,0.0,102.36602305550633,0.0
18.0,10,668.5648405107848,2.5094830562066326e-06,1.5987143881245968e-06,0.0,0.0,0.0
18.0,11,645.1515036253475,2.7312958241973448e-06,8.3735739356406773e-34,0.0,-991.1713728000525,0.0
18.0,12,642.4248620441248,2.7067183945329255e-06,1.622372244265608e-06,0.0,0.0,0.0
18.0,13,615.727573343352,2.6550906892584719e-06,-2.5011533286541623e-40,0.0,-897.34362199654561,0.0
18.0,14,610.7524660811788,2.6173657047364983e-06,1.6456652829355735e-06,0.0,0.0,0.0
18.0,15,712.6724303902297,7.6119583550452506e-07,3.2122258208235049e-06,0.0,0.0,0.0
18.0,16,716.6321394897949,5.7823491577508609e-36,3.2106162809857735e-06,-5.5528841549576144,0.0,0.0
18.0,17,703.4577813756597,1.4294851129730065e-06,3.2068729051268076e-06,0.0,0.0,0.0
18.0,18,688.5400891151409,1.9913104055684445e-06,3.1951919184909187e-06,0.0,0.0,0.0
18.0,19,668.0083129882175,2.3902257099891426e-06,3.1879915290075597e-06,0.0,0.0,0.0
18.0,20,642.1397891075168,2.5650905153669027e-06,3.1954573074954435e-06,0.0,0.0,0.0
18.0,21,611.4668626667634,2.4682474739867443e-06,3.2430313170951664e-06,0.0,0.0,0.0
18.0,22,713.1157862923817,5.748270709355169e-07,5.463879844967036e-06,0.0,0.0,0.0
18.0,23,717.0501613457305,-2.4769841416275606e-35,5.5420048334131137e-06,30.550897041873544,0.0,0.0
18.0,24,703.9508577375632,1.1727739739856774e-06,5.3031456397585919e-06,0.0,0.0,0.0
18.0,25,689.0862313452518,1.7014380103658763e-06,5.0844648407662113e-06,0.0,0.0,0.0
18.0,26,668.539847232348,2.1133474828855444e-06,4.852299363569708e-06,0.0,0.0,0.0
18.0,27,642.3999054002765,2.3558559008696012e-06,4.6595380227799006e-06,0.0,0.0,0.0
18.0,28,610.7297313688819,2.3493658117785178e-06,4.525723410684825e-06,0.0,0.0,0.0
18.0,29,713.7067523162041,9.956677669254896e-07,7.978490874255015e-06,0.0,0.0,0.0
18.0,30,717.5893581455576,1.7066079745386192e-43,8.1556290161781985e-06,-24.772729776739247,0.0,0.0
18.0,31,704.6831590541686,1.83605253598361e-06,7.6004976621993701e-06,0.0,0.0,0.0
18.0,32,690.1081659628621,2.5307098856360772e-06,7.0503902367199585e-06,0.0,0.0,0.0
18.0,33,670.1198720900675,3.030650680487804e-06,6.3882061441170019e-06,0.0,0.0,0.0
18.0,34,645.0694223799685,3.2969388682315984e-06,5.7165486634539193e-06,0.0,0.0,0.0
18.0,35,615.5981996657451,3.3130418040979715e-06,5.2324184621051137e-06,0.0,0.0,0.0
18.0,36,614.9215157279654,1.6491106517921444e-06,2.5700106232704445e-40,0.0,1.3356139407228649,0.0
18.0,37,607.105099867494,1.5898563632163894e-06,-1.1580400771144319e-36,0.0,0.024725856927630296,0.0
18.0,38,604.754781051179,1.5660845673399522e-06,-2.9918971732703164e-07,0.0,0.0,0.0
18.0,39,609.6740252909959,1.6225298473526705e-06,-3.0161410929897906e-07,0.0,0.0,0.0
18.0,40,600.0,1.5407747894115111e-06,3.7261265017756763e-44,0.0,-1.3572256961383757,-10.124829472376282
18.0,41,600.0,1.5207485109346398e-06,-2.9711388987539025e-07,0.0,0.0,-16.750763807964248
18.0,42,605.1181102071595,1.5202563315153039e-06,-5.9523388307804797e-07,0.0,0.0,0.0
18.0,43,610.6231716780528,1.5726236750500851e-06,-6.1813820883936969e-07,0.0,0.0,0.0
18.0,44,600.0,1.4718717952153546e-06,-5.7269467524595359e-07,0.0,0.0,-16.241290633867106
18.0,45,605.1257767299686,1.2918718755552477e-06,-8.5238724029212469e-07,0.0,0.0,0.0
18.0,46,610.6405497756374,1.3450596597690317e-06,-8.8009771788916323e-07,0.0,0.0,0.0
18.0,47,600.0,1.2552963968113141e-06,-8.2544955861418767e-07,0.0,0.0,-16.24087664794569
18.0,48,604.7336406164707,1.2935408780243338e-06,-1.0959009402060617e-06,0.0,0.0,0.0
18.0,49,609.6295073282212,1.3425774492722033e-06,-1.0413827711537479e-06,0.0,0.0,0.0
18.0,50,600.0,1.263762000021379e-06,-1.1495003290835685e-06,0.0,0.0,-16.68462036188189
18.0,51,607.0601393158653,2.2163837527496335e-06,-1.4304190854306021e-06,0.0,0.0,0.0
18.0,52,614.8262597430397,2.3125585925684991e-06,-1.2628616154405215e-06,0.0,0.0,0.0
18.0,53,600.0,2.1538514990921468e-06,-1.590411628999009e-06,0.0,0.0,-10.065848720937344
19.0,1,725.6983679593527,-6.2282254194969113e-45,5.3287169220505055e-43,-1.1881416440723085,83.112276979252812,0.0
19.0,2,721.522404984014,8.4855378909176204e-07,-2.8936291425411501e-34,0.0,450.25632770788627,0.0
19.0,3,720.89016356395,8.1926684622396223e-07,1.6731742656666654e-06,0.0,0.0,0.0
19.0,4,725.1255977754106,2.3873196591655617e-37,1.6749483651867928e-06,0.94930721396399065,0.0,0.0
19.0,5,711.8234651531071,1.6110969065366535e-06,-3.6927662516821178e-34,0.0,718.66554633337933,0.0
19.0,6,711.0330371197543,1.588709675697953e-06,1.6759662410371205e-06,0.0,0.0,0.0
19.0,7,696.1813400460726,2.251097207409147e-06,-2.4652812394532944e-34,0.0,659.29503992056766,0.0
19.0,8,695.0703811753383,2.2276888096243165e-06,1.6866052435003622e-06,0.0,0.0,0.0
19.0,9,674.7789899381271,2.7056498920792045e-06,1.5786523871523835e-34,0.0,107.81483260434143,0.0
19.0,10,673.0551443780431,2.6786765900437419e-06,1.7043597896106583e-06,0.0,0.0,0.0
19.0,11,648.038936146972,2.9138225079240926e-06,8.9477690204193419e-34,0.0,-1060.2930926636961,0.0
19.0,12,645.1274195895749,2.8876669030997036e-06,1.7295996292678432e-06,0.0,0.0,0.0
19.0,13,616.6978763047175,2.8314660999320965e-06,-2.7130327183200768e-40,0.0,-958.85427453709883,0.0
19.0,14,611.4124359517131,2.7912421909043275e-06,1.7544150830967149e-06,0.0,0.0,0.0
19.0,15,720.3802818969459,8.1359813138642472e-07,3.424370709777559e-06,0.0,0.0,0.0
19.0,16,724.640974998377,6.1996411336856347e-36,3.4226151943152931e-06,-5.9605964271715139,0.0,0.0
19.0,17,710.4728968440372,1.5273350941266096e-06,3.4186941666667113e-06,0.0,0.0,0.0
19.0,18,694.4568701676194,2.1266132039658664e-06,3.4062279978451711e-06,0.0,0.0,0.0
19.0,19,672.4604581599855,2.5511988855412438e-06,3.3985098916964251e-06,0.0,0.0,0.0
19.0,20,644.8249502357139,2.736326475871419e-06,3.4064626152434474e-06,0.0,0.0,0.0
19.0,21,612.1711204097531,2.6321933787142875e-06,3.4573344332383997e-06,0.0,0.0,0.0
19.0,22,720.8606944386705,6.1389301964869271e-07,5.8272338891757927e-06,0.0,0.0,0.0
19.0,23,725.0942350282052,-2.6529268380256245e-35,5.9108574610048698e-06,32.727424589364041,0.0,0.0
19.0,24,711.0061494429057,1.2523383978155736e-06,5.6552152685407335e-06,0.0,0.0,0.0
19.0,25,695.0457027448268,1.8162754018478867e-06,5.4212473594165965e-06,0.0,0.0,0.0
19.0,26,673.0313168364551,2.2549553510188769e-06,5.1729181173401977e-06,0.0,0.0,0.0
19.0,27,645.1034058596076,2.5124449983665203e-06,4.9667276089104728e-06,0.0,0.0,0.0
19.0,28,611.3900363475366,2.5046191954384962e-06,4.8236222860987247e-06,0.0,0.0,0.0
19.0,29,721.5020474318462,1.0644692347420586e-06,8.5126469796077282e-06,0.0,0.0,0.0
19.0,30,725.6803171418725,1.744069824416621e-43,8.7025977001106446e-06,-26.53257811486522,0.0,0.0
19.0,31,711.7986832286497,1.9622942369783003e-06,8.1074702594374888e-06,0.0,0.0,0.0
19.0,32,696.1476722274049,2.7036357649102855e-06,7.5182059078321258e-06,0.0,0.0,0.0
19.0,33,674.7279610459486,3.2362453850302673e-06,6.809585865427062e-06,0.0,0.0,0.0
19.0,34,647.9564487172981,3.5190641394441459e-06,6.0916162290331577e-06,0.0,0.0,0.0
19.0,35,616.5650652519176,3.5354804956388817e-06,5.5741329414845e-06,0.0,0.0,0.0
19.0,36,615.8422308298889,1.8254370465839801e-06,2.786253789744962e-40,0.0,1.3164055324145121,0.0
19.0,37,607.5436398557756,1.7596194586478122e-06,-1.1251981549051458e-36,0.0,0.022547372767832252,0.0
19.0,38,605.0466299857767,1.7338955660353209e-06,-3.3362943921719633e-07,0.0,0.0,0.0
19.0,39,610.2674444336582,1.7968574322295335e-06,-3.3608343496730283e-07,0.0,0.0,0.0
19.0,40,600.0,1.7048227321304575e-06,3.5487563665258588e-44,0.0,-1.3356085156320743,-10.749283280033668
19.0,41,600.0,1.6833974147903268e-06,-3.3154326091795526e-07,0.0,0.0,-17.78112205512166
19.0,42,605.4326194739615,1.6864024604830736e-06,-6.6413724680493459e-07,0.0,0.0,0.0
19.0,43,611.2757900269165,1.7448346744568578e-06,-6.8859904953594496e-07,0.0,0.0,0.0
19.0,44,600.0,1.6322891855909978e-06,-6.4006624405482852e-07,0.0,0.0,-17.239742198955753
19.0,45,605.4406566320451,1.4411694501836452e-06,-9.5285094882590939e-07,0.0,0.0,0.0
19.0,46,611.2938807471645,1.5006278437467084e-06,-9.8267617132990556e-07,0.0,0.0,0.0
19.0,47,600.0,1.399929917336664e-06,-9.2386845988292681e-07,0.0,0.0,-17.239799409430823
19.0,48,605.025544356633,1.4423688865262463e-06,-1.2270084097794247e-06,0.0,0.0,0.0
19.0,49,610.2230171787783,1.4975898211797786e-06,-1.1682395552486543e-06,0.0,0.0,0.0
19.0,50,600.0,1.4085980903418282e-06,-1.2847178662251557e-06,0.0,0.0,-17.714504977304685
19.0,51,607.4974941702874,2.4300067364470351e-06,-1.5984651516168659e-06,0.0,0.0,0.0
19.0,52,615.7443004071113,2.5351573356019463e-06,-1.4193326849813936e-06,0.0,0.0,0.0
19.0,53,600.0,2.3607879115513242e-06,-1.7695668331986329e-06,0.0,0.0,-10.689105101668142
20.0,1,733.8658276959114,-7.17361189569976e-45,5.4736350412866091e-43,-1.2681337567391096,88.744232204051116,0.0
20.0,2,729.3889590295048,9.0366526673747953e-07,-3.0881727805276375e-34,0.0,480.60728065536659,0.0
20.0,3,728.708808122334,8.7239422875706177e-07,1.7776113625135153e-06,0.0,0.0,0.0
20.0,4,733.2491732382778,2.4782176745392554e-37,1.7795233265741666e-06,1.0201935802418332,0.0,0.0
20.0,5,718.9986394031814,1.7152237679962726e-06,-3.9367794031695434e-34,0.0,766.52602754352779,0.0
20.0,6,718.1496359604253,1.6913393211991688e-06,1.7805496808897407e-06,0.0,0.0,0.0
20.0,7,702.2640726562522,2.3956145009779017e-06,-2.6209645704032268e-34,0.0,702.09043939015487,0.0
20.0,8,701.0735951266687,2.3706853811077123e-06,1.7918430679592921e-06,0.0,0.0,0.0
20.0,9,679.4125604937391,2.8778967450373863e-06,1.6924924974809141e-34,0.0,113.18358807706721,0.0
20.0,10,677.5710869849696,2.8492308726693156e-06,1.810715307814329e-06,0.0,0.0,0.0
20.0,11,650.9368319705843,3.0976865450795925e-06,9.5276963777040316e-34,0.0,-1130.2058986359891,0.0
20.0,12,647.8389139077182,3.0699381094661062e-06,1.8375495742088356e-06,0.0,0.0,0.0
20.0,13,617.6684169735017,3.0090231699809726e-06,-2.9243978462477582e-40,0.0,-1020.949258155894,0.0
20.0,14,612.0723656097106,2.9663022168166015e-06,1.8639038094285968e-06,0.0,0.0,0.0
20.0,15,728.1613734442288,8.6651805458225547e-07,3.6379524387096554e-06,0.0,0.0,0.0
20.0,16,732.7285129377027,6.6225460968694249e-36,3.6360461684962823e-06,-6.3743633469286456,0.0,0.0
20.0,17,717.5493090463194,1.6261021228006992e-06,3.631953808548873e-06,0.0,0.0,0.0
20.0,18,700.4179106232136,2.2630937921541735e-06,3.6186977663901141e-06,0.0,0.0,0.0
20.0,19,676.9380012691727,2.7134415381668713e-06,3.6104561135603093e-06,0.0,0.0,0.0
20.0,20,647.5191564259594,2.9087651694629685e-06,3.6188964993928275e-06,0.0,0.0,0.0
20.0,21,612.8753569499862,2.7971839480416133e-06,3.6730917080530586e-06,0.0,0.0,0.0
20.0,22,728.6798100451656,6.533051720972222e-07,6.1932478236132364e-06,0.0,0.0,0.0
20.0,23,733.2179427015609,-2.8310932030476e-35,6.2824351576442377e-06,34.931785379504731,0.0,0.0
20.0,24,718.1237175776129,1.3325962455392963e-06,6.0098133337712062e-06,0.0,0.0,0.0
20.0,25,701.0503382955441,1.932064527591757e-06,5.7603858995637789e-06,0.0,0.0,0.0
20.0,26,677.5488398388218,2.3976539343680717e-06,5.4957167819035194e-06,0.0,0.0,0.0
20.0,27,647.8161929397877,2.6701442241371062e-06,5.2759509478334897e-06,0.0,0.0,0.0
20.0,28,612.0505192182328,2.6609192396812049e-06,5.1234511703411686e-06,0.0,0.0,0.0
20.0,29,729.3729849069779,1.1339770958567462e-06,9.0510068061133599e-06,0.0,0.0,0.0
20.0,30,733.8523302008429,1.8994925034471722e-43,9.2539521878895465e-06,-28.314698888119871,0.0,0.0
20.0,31,718.9780137211,2.0897763351782654e-06,8.6182734241358644e-06,0.0,0.0,0.0
20.0,32,702.2340456524905,2.8781635437711098e-06,7.9893488679084024e-06,0.0,0.0,0.0
20.0,33,679.3639975194786,3.4436065123320791e-06,7.2337565445737234e-06,0.0,0.0,0.0
20.0,34,650.8546043006576,3.7429460634885941e-06,6.4690136943172208e-06,0.0,0.0,0.0
20.0,35,617.5327474515042,3.7595704844856544e-06,5.9178803373340984e-06,0.0,0.0,0.0
20.0,36,616.7631794167544,2.0029450663539536e-06,3.0026285841816066e-40,0.0,1.2995382739378809,0.0
20.0,37,607.9822888674711,1.9305278425758956e-06,-1.0971176794332179e-36,0.0,0.020193096445882519,0.0
20.0,38,605.3384528885596,1.9028704493363185e-06,-3.6830938682638264e-07,0.0,0.0,0.0
20.0,39,610.8607927854314,1.9723979296840638e-06,-3.7079549615544387e-07,0.0,0.0,0.0
20.0,40,600.0,1.8699756248140888e-06,3.6423599339877784e-44,0.0,-1.316141657552133,-11.373890040343927
20.0,41,600.0,1.8471748094205327e-06,-3.6621005372844741e-07,0.0,0.0,-18.811564771693703
20.0,42,605.7471240310814,1.8536133313077479e-06,-7.3350660399991876e-07,0.0,0.0,0.0
20.0,43,611.9284024507269,1.9181506817242422e-06,-7.5954732848671365e-07,0.0,0.0,0.0
20.0,44,600.0,1.7937372790263217e-06,-7.078835981175193e-07,0.0,0.0,-18.238241211695843
20.0,45,605.7555205509647,1.5914099484461503e-06,-1.0539961312797511e-06,0.0,0.0,0.0
20.0,46,611.9471652640578,1.6571730114802381e-06,-1.0859454033892107e-06,0.0,0.0,0.0
20.0,47,600.0,1.5454724264396872e-06,-1.0229599342519185e-06,0.0,0.0,-18.23883397102911
20.0,48,605.3175905917075,1.5922538856549618e-06,-1.3590073400394931e-06,0.0,0.0,0.0
20.0,49,610.8168079054004,1.6536933197170089e-06,-1.2959342807252345e-06,0.0,0.0,0.0
20.0,50,600.0,1.5544535789243824e-06,-1.4208799848341924e-06,0.0,0.0,-18.744926618508725
20.0,51,607.935161060589,2.6451861506781935e-06,-1.7676926925139334e-06,0.0,0.0,0.0
20.0,52,616.6629847342272,2.7593654848112199e-06,-1.5769015911715551e-06,0.0,0.0,0.0
20.0,53,600.0,2.5692243357100865e-06,-1.949982424413733e-06,0.0,0.0,-11.312824280633784
