path	sha256
include/fuelsim/core/kinematics.hpp	8f7f3ec2149836780799623dcf0e4a7f737da49c4dc628332cab002496b5651d
include/fuelsim/core/rz_quad4.hpp	ffc6b79d2e40c6ca73fb871fb29286df8d9135368db4a6ef9f370640a4b75cb1
src/core/detail/cax4rt.cpp	0bc34c89e3778598b3a4ac928ca395c83cd6e8fced6128caaa41117ae92cb21f
src/core/detail/cax4rt.hpp	31b947b4bd540a25bda29f37016477af475ffcc82e2a1c044e880bb85b2201e9
src/core/rz_assembly.cpp	359927d5c181888cb7937482560ce864a58c67014502dd05baa5a2ff31247315
src/core/rz_kernels.cpp	57293b2a5f8c15849d1eb55b8575837102080de73603038fe530e04c1891887a
src/core/spatial_problem.cpp	d4325aabfa9014e2865ac07971a565c5fd5abfc9d7bac7d8f038bf5c1e57ea30
src/io/case_input.cpp	ee284597a46cc76ea94dff10455be937bec5b4a3c4fa9192436992dc8899c41d
src/io/results_io.cpp	d0c47ef6e38bf650a5c48b7ee5bf5ef2f7574d5adf15fc47488aaaf8c5b887fa
tests/core_tests.cpp	01149cde3c81daea982816d537007d61e6e85fabea4114299839aad95baccd52
tests/production_rz_abaqus.cpp	db83b402e8703679c2507080c0c7a1ce5781cec772e47e99af56308e5d21b651
tests/rz_friction_history_contract_tests.cpp	b078b96ce56a5f8c66080f4aacf800e0f28081359b304c8d712c718837211b88
verification/abaqus/b90_cax4rt_small_probe.inp	30d8ceafd8d7b8064ae51f203b12b0deb8e7c4c155e6fd713dcd0d81539d7f45
verification/abaqus/b90_cax4rt_small_probe_comparison.txt	83fac32c5516d1f25e6e478480c56ca0fc7e9bb37f9274d02571d3bfcecff289
verification/abaqus/b90_cax4rt_small_probe_nodes.csv	d1062188ea9d7bcc970146953b994db8ab02a1fbcd76b0eda744665178365ab5
verification/abaqus/b90_cax4rt_small_probe_points.csv	96b94c9c35735a7a25d0f51afed3628e7eb2d6193e6355b580341dcc73e74501
verification/abaqus/b90_cax4rt_small_probe_run.txt	e5e6261da43c892f5f19f51b7403bc3114ce2bff805a1c676500e261d5696ca1
verification/abaqus/b90_cax4rt_small_probe_status.txt	ffceff49ec9cb113328983fe49ffdf7daac6f482608ab3b5b45529426ef9dff4
verification/abaqus/b910_cax4rt_finite_thermal.inp	c9c2582674665c998f767131d1986dc59eeb74861c9ba201f23f36db3744c04a
verification/abaqus/b910_cax4rt_finite_thermal_comparison.txt	1a8d4ef9386bf7fba31bdc500f5f06a7f23ea3bac7eb551a0ea2639c858398d5
verification/abaqus/b910_cax4rt_finite_thermal_nodes.csv	ffe43676b1734f3f2494866e1cfaaf0a47222a75e00ed98436713e29c8632a9e
verification/abaqus/b910_cax4rt_finite_thermal_points.csv	32fbcfb4e90bf9e7170383ed44fb3f476a6fe8c18bf4877f7b32ebc16507f302
verification/abaqus/b910_cax4rt_finite_thermal_run.txt	342074277a7d201ecbf1c79742d47a669262ee54ac1ee39eed92813dfbc11185
verification/abaqus/b910_cax4rt_finite_thermal_status.txt	5e99ff99ce9c2f7e49bea89360411f54860031e06034af2eb7c5fff1f7c49b80
verification/abaqus/b911_cax4rt_small_contact.inp	4d03b2ac407bf8304d393c0cd7300593b7419056c3df3b8a3379ddb4aad4e7fd
verification/abaqus/b911_cax4rt_small_contact_comparison.txt	3e50b7d4f4ec1025327964e11bc561aed35dd415eae6dd58074e988fbf23f303
verification/abaqus/b911_cax4rt_small_contact_nodes.csv	6bdc2f5e63924770a4ca9f6708bc55c209a5558615b466a4a34736ca25f78103
verification/abaqus/b911_cax4rt_small_contact_points.csv	56d54eb55bb3cb38864f9b16c58b51f94e0d97703543753b468decb2272b1230
verification/abaqus/b911_cax4rt_small_contact_run.txt	ca4c3389dbf1b0fe99f63250a0a5a992d3c876a15ba017b3acf0d814130e60db
verification/abaqus/b911_cax4rt_small_contact_status.txt	065d25f467fbf38d5d755632b86bba60402f529ff578a218f6e548624e255ecf
verification/abaqus/b912_cax4rt_finite_contact.inp	f9e107cc384685795f43f96daed8eac6e9625f4efd1e3dd50b841463af4b0b47
verification/abaqus/b912_cax4rt_finite_contact_comparison.txt	da6e418d38933b16475c47a1c95e85dd93bac00199538982433804f8cff321ca
verification/abaqus/b912_cax4rt_finite_contact_nodes.csv	841848281572496b016b2fa02ff8140fcf37457b3ff6fb87e7ca4d8039d9b6a5
verification/abaqus/b912_cax4rt_finite_contact_points.csv	979f0ae6979955d8062ee6cd6e11c47d515821d94d650cb1dafb6b9ad589060c
verification/abaqus/b912_cax4rt_finite_contact_run.txt	abfe90826da78f3b1867ea072f4b14876f686cf5105ae20292ed0d362f416ec4
verification/abaqus/b912_cax4rt_finite_contact_status.txt	7cd4938b8c8cd604472946c91bac341dcf2de5f3ae9ef30592d452db88f6c5b5
verification/abaqus/b913_cax4rt_small_friction.inp	0b7be336cc26ed701387b3dc782c52123fad48423f8e0c0fd34a18afce32f095
verification/abaqus/b913_cax4rt_small_friction_comparison.txt	923f4bc58eaa91037421916a7348b7faeadb5b2287cc3d751b3a95564f664568
verification/abaqus/b913_cax4rt_small_friction_contact.csv	ddf975ab7cea8360afd73e068eec7388a47b946a5beaf5f2ce8016a30c88fe58
verification/abaqus/b913_cax4rt_small_friction_nodes.csv	e9842223202c3d3bfccc69e224f8896486992e160a0a490ac07fa2b26fd080d6
verification/abaqus/b913_cax4rt_small_friction_points.csv	2aeb69548c031924f7525375194da97a535dc0b615c70d3fdb7ad47173e5c187
verification/abaqus/b913_cax4rt_small_friction_run.txt	22f9b23f2b76a9316d034329a7f0c3ab1a526c0441226b426f88e16be5900cf7
verification/abaqus/b913_cax4rt_small_friction_status.txt	599369a9cf0894178ff50b75bb482559397121a6206ba6249ad836f2f2fd4562
verification/abaqus/b914_cax4rt_finite_sliding.inp	cede4d7ddd6b5aeb7c23ba894f818dd2d66a23e21482fa2a0986a2d7a058c002
verification/abaqus/b914_cax4rt_finite_sliding_comparison.txt	53cf7ae86867ed6dfe196dbfa8b1e9edf63ec05436cfb9da2e2c4b1b4ea11766
verification/abaqus/b914_cax4rt_finite_sliding_contact.csv	8b1836b56760b49e0fc2966fba570f24ed2dfa4953670b86320aa61fcdde5d1f
verification/abaqus/b914_cax4rt_finite_sliding_nodes.csv	f7f18f8166f06a5e5feab8d67d6ff5881c5553a20d9c0bacdfeb0b9da67ed23d
verification/abaqus/b914_cax4rt_finite_sliding_points.csv	3f7f712bfa5327a3999c4f3751208674623a3dea702e4646b7411107f8fb5454
verification/abaqus/b914_cax4rt_finite_sliding_run.txt	985fc2101172ccd5809617a04f35f316fa0763e2a0a13afed5295c9027d915e5
verification/abaqus/b914_cax4rt_finite_sliding_status.txt	687b13195c82a5e0d3f5bfef650016e0bad59f07dbaec8b1afc4454ecc26e750
verification/abaqus/b915_cax4rt_thermal_identification.inp	7552232b754e3627632b11d1f125662d8723ae0ae43f2bc4571a0fb0c5e32c05
verification/abaqus/b915_cax4rt_thermal_identification_comparison.txt	ef160bf59f52af9b32170efbaffe56f065d57ffcf203c4ef8cee5a1f2f4e5ad9
verification/abaqus/b915_cax4rt_thermal_identification_nodes.csv	94663fed97b3f04f209a9dd4b12baba11ff103bc7d325bcb9b6d1de9a510219f
verification/abaqus/b915_cax4rt_thermal_identification_points.csv	8e62ce4c205d9068ad47e2ecb096dad3f44dcc8f75413f169bd3157a9beb1ee7
verification/abaqus/b915_cax4rt_thermal_identification_run.txt	cbba5b436d388e6bb0b5ec9ef0cd8364252589f8273a9f41512a51ebeb35484c
verification/abaqus/b915_cax4rt_thermal_identification_status.txt	261d4ba992c4e2f7a34a913d68963cd6f3be872e476aef59d63572e0427bfe73
verification/abaqus/b91_cax4rt_finite_probe.inp	57867fa84c527ddd76d7defaed40a7bd421a0c5dd64f52987b42ae0ec2bf45ea
verification/abaqus/b91_cax4rt_finite_probe_comparison.txt	caed828947364edb139b132fe576471544269f2f89349fa1efb126cda4c1ebd2
verification/abaqus/b91_cax4rt_finite_probe_nodes.csv	42d1c1bbd727d68701860967024de0b5c5b291158ced25a3d4fd5cb83590e811
verification/abaqus/b91_cax4rt_finite_probe_points.csv	3a6403f938d3eb0a8d9ee31420cfb8ff8d9eaad64842d6d7d354b26a667f93a7
verification/abaqus/b91_cax4rt_finite_probe_run.txt	7b3ce0d7820328dd169c6cb15b9b9258fb60ba96665d215a692e03e00b8e90a9
verification/abaqus/b91_cax4rt_finite_probe_status.txt	bc0325a0df171c14e88d742a508873d7e2f389507ef4bd042f70877577869f8a
verification/abaqus/b92_cax4rt_rectangle_probe.inp	4c3271adacdfe96f622f418c21d934391f150f77a5d109f852f2cd61651b7a89
verification/abaqus/b92_cax4rt_rectangle_probe_comparison.txt	f576161aca5c9f869183edf2973c2f60e8b0ee839febed703fe6f8ef98a63c7f
verification/abaqus/b92_cax4rt_rectangle_probe_nodes.csv	3a3904c9a4676795e380ecfb6112a23f36a7846d2c26b4e89f10aab23bb9902f
verification/abaqus/b92_cax4rt_rectangle_probe_points.csv	1fa82a1a322d2990c5d2b839ce062a1e390094179f2ad7426e4a278c4ed1e0f1
verification/abaqus/b92_cax4rt_rectangle_probe_run.txt	12456ae8f9b593b85ef5c6d9e221ed250816e6b12f0c85d478057ec912c0f0b6
verification/abaqus/b92_cax4rt_rectangle_probe_status.txt	5d77afcbe905481ba44519f2946b2174ad643c1489b6adb747a44ddabaea61fa
verification/abaqus/b93_cax4rt_small_coupled.inp	de2bddd6c2f551926ead101914be45976c4ee96207866ec9615554f83c7d8f4a
verification/abaqus/b93_cax4rt_small_coupled_comparison.txt	2bfd064bd0cc92e32ea514b215d528ed1cbb3e1406622a25bbdea3cd0b94fc8b
verification/abaqus/b93_cax4rt_small_coupled_nodes.csv	818667dcc483d7c65cc092ced6e1819c74f4c161ad6d63751f1f7fb10fb04a6a
verification/abaqus/b93_cax4rt_small_coupled_points.csv	778a566c7c924b21383dea5d5a3eb4a39c97ffbe8819f41ea3223a3a89a42f46
verification/abaqus/b93_cax4rt_small_coupled_run.txt	3e5af5bdd38b2bf898314bb2be5055661e7aa1bb320468394ee1b1552e3a6bb9
verification/abaqus/b93_cax4rt_small_coupled_status.txt	44848608ed0035471eb1b77084344335ec30a6e6d96f6ca77c3d90272d602c86
verification/abaqus/b94_cax4rt_finite_coupled.inp	b7411c51c73a65c084e5aafbef291c770944624344bd8988e83d54d751d2695a
verification/abaqus/b94_cax4rt_finite_coupled_comparison.txt	ba892df96d1ec489c7e44fac622ed88150e2102507a8d9c2117206a3438f74a1
verification/abaqus/b94_cax4rt_finite_coupled_nodes.csv	b15906d215d48a091be9acae85dfef4943d9550b139a16738f0e5cc230b9d03b
verification/abaqus/b94_cax4rt_finite_coupled_points.csv	03c1075009540bb0e4361f346e6aae5604c516d780ca91810c69e74f119c05d0
verification/abaqus/b94_cax4rt_finite_coupled_run.txt	7ee9e412c2e06977240f5ef29461627baeefcc2667cf1e0c413437cdcccca771
verification/abaqus/b94_cax4rt_finite_coupled_status.txt	adbc7e0f0497417fd88d3bd0f3fa09b3f1dd81c96918714ccaba795d192e629f
verification/abaqus/b95_cax4rt_small_creep.inp	247325caaaaa285f8d460d7623fa042376f0c19f663246104913e9bc5e9b00fa
verification/abaqus/b95_cax4rt_small_creep_comparison.txt	aed6e983a981c34c428be288e40da9d72d69542e830b24a4693bf9295b10e1c5
verification/abaqus/b95_cax4rt_small_creep_nodes.csv	39fc46ee50d1dce4410c45712f3813de0ab9ce963c386415cada63a9c60d86aa
verification/abaqus/b95_cax4rt_small_creep_points.csv	0d5453562d832f8dcb6fb2da1ef6f26a3926900ca901f1549d03ec6017177ade
verification/abaqus/b95_cax4rt_small_creep_run.txt	f93482e436899154c9a4504fd36945c2ee43eba08b2a99806b8e6483fc17516b
verification/abaqus/b95_cax4rt_small_creep_status.txt	cdf2fe05f88371555ace265b97bd1c6c0af0816311c6dcf6b5d6a8381455a7ea
verification/abaqus/b96_cax4rt_finite_creep.inp	41799a7099cc870981ea14dbeb6b5b6540424706f8827b60406ec39913b38983
verification/abaqus/b96_cax4rt_finite_creep_comparison.txt	aec525caaa07136b85e544b02a89a83a87f37d8153c6179cc313518d890920d8
verification/abaqus/b96_cax4rt_finite_creep_nodes.csv	104684ffead0500f9b34e397a15a2608aa46cfd0944c162e3e99f076fe68beb9
verification/abaqus/b96_cax4rt_finite_creep_points.csv	43c5508898c3983991c629464618afb0df854df45f9c668a139ef230553d8507
verification/abaqus/b96_cax4rt_finite_creep_run.txt	8483d3fa513aa5e9bf9402329f0498b952201c7650f95bded059501d34681b5c
verification/abaqus/b96_cax4rt_finite_creep_status.txt	fcb65f7f2112806709b4331b79e3d10de9fce4574e39b91ea83abd5b5d4f327e
verification/abaqus/b97_cax4rt_small_plastic.inp	72aa030083a8ea66f960cd3b59c000dce43bbd06bf9da5f718ae4cc7b7d056ec
verification/abaqus/b97_cax4rt_small_plastic_comparison.txt	eb1237f5025dd1b4d8c04bfd0c0318f50986c154ccc7abd32ee8dad334a5f313
verification/abaqus/b97_cax4rt_small_plastic_nodes.csv	9a7be146b7340aa0b4b4d83713a6071b691d2099ce06535eed701dfbdb36c67c
verification/abaqus/b97_cax4rt_small_plastic_points.csv	6eceddc32a955af904a0e36d31559344735896c76946c27f86261cf5cc5a7610
verification/abaqus/b97_cax4rt_small_plastic_run.txt	ab4c82d362c49fc2d3fcc5fd78196b9d72af9d18e435dfe3c550fcfe6c12598f
verification/abaqus/b97_cax4rt_small_plastic_status.txt	1f2db70b8567a13580e574e428af2d0bae21b7a8d187aac79fdfc3bd8483a4c3
verification/abaqus/b98_cax4rt_finite_plastic.inp	3e628efee2277ed3303c17c6432b6adfe32f0b3f08222338181427cf97f44277
verification/abaqus/b98_cax4rt_finite_plastic_comparison.txt	2e53f1e3ad422a86397c7f3db23cdecb60e00d66bee74888bf94ec9914ed2dcf
verification/abaqus/b98_cax4rt_finite_plastic_nodes.csv	b5ffc62cb7d08d4187960c8787eb23b32de27ee0f23035a3d78b07273e4444fc
verification/abaqus/b98_cax4rt_finite_plastic_points.csv	785371baa72aa2567032a017ac4caa4d688289a312cdca2851d329bcf55f64b7
verification/abaqus/b98_cax4rt_finite_plastic_run.txt	afc8a61f79bce9d35eccf2b9c0630ca9cee10222d6735be0b76d49945bce4ec6
verification/abaqus/b98_cax4rt_finite_plastic_status.txt	017e4387a48ab1e6739d335dc98587cfb36488f6a73ddc487eb2b04bea101044
verification/abaqus/b99_cax4rt_small_thermal.inp	0f786b4751018c156dc21364369f61c756732962d180fc5371ccc89a1e837ef8
verification/abaqus/b99_cax4rt_small_thermal_comparison.txt	b496002aa2c1294b1db3edfb9f41a9a7daaa1384a79760f181ec488571abaa5f
verification/abaqus/b99_cax4rt_small_thermal_nodes.csv	c97a1eee06d0238fe9043222e8f8ff9c3c0982a8e9617fcbb9ba96205c8b3587
verification/abaqus/b99_cax4rt_small_thermal_points.csv	50b8416aa304326f04cce44d61f33c0583b585eca9c98a20abe22bc81d16de08
verification/abaqus/b99_cax4rt_small_thermal_run.txt	4f566eb4a4039cf5e5a9551a197346295462b2a9c745fb0511a303842f808599
verification/abaqus/b99_cax4rt_small_thermal_status.txt	8721bebac7c9de3e8a33dbc30569d4f0c08dc7cafaddc363a7bfb986af70419e
verification/abaqus/b9_cax4rt_metrics.tsv	4f6800c1be99b36228ce44fa3f8c31385ac0e03cb20c45b194cb58449fbee419
verification/abaqus/b9_cax4rt_validation.md	a9ebe1f3f11084e476dd83b1cff0133fed0e2fb055829a13179185b9fcb2d076
verification/abaqus/b9_cax4rt_validation_run.txt	d675b642ca59b9c49313abf83f4d40f5a116bce0115e3ee797e0745594c81cfc
verification/abaqus/b9_rz_contact_mesh.inc	77b298704c62062c2e27cafa5533a1965dedb4eab8142e0f1062e55aeeb70d1f
verification/abaqus/b9_rz_material_mesh.inc	5f19976d75d839d5487754b62bc0436432fb23d6ea87b626acade423dfc32fdf
verification/abaqus/b9_rz_sliding_mesh.inc	1715116d5a3513757fcf64970dc28064c813df516ac022ca62d605651c2e1197
verification/abaqus/extract_b7_rz.py	b5fc05311e2a30514cb9f2501763035c7663182f8c447125531df2703bcc32a7
verification/abaqus/extract_b8_rz.py	63a024909497ef3e6ee5328bf2f4e9abde7674c4ff94710665fcf9ff7b2dc137
verification/abaqus/generate_b915_rz_thermal_mesh.py	a239f7e55de7970403c415e99c0586331b3c325a178aec7e2226d2b43fb9f0ba
verification/abaqus/generate_b9_rz_probe_mesh.py	c3cf9bea84268320895de678cc2b91d09581dfbf1dc9f2973a2af18a3bfc6215
verification/abaqus/run_b9_rz.ps1	2c2c18574af783624b80443802a9494148addcc627b2b7a8abe57e6f99f131cc
verification/fuelsim/steady_b911_cax4rt_small_contact.fsi	8c6032d747138c8bb3af4495923b0f927ad828e878d9be7d1bbff1d7a93d1ef1
verification/fuelsim/steady_b912_cax4rt_finite_contact.fsi	f43b9c801b1167fbf8aff09844c19dcb668c98a09d64f59e13a17b7cdcf5004d
verification/fuelsim/transient_b90_cax4rt_small_probe.fsi	69365d315d0e2669ae06c46ccfd0a17f0ba68fb135214e9446db89a52f1c5a47
verification/fuelsim/transient_b910_cax4rt_finite_thermal.fsi	e6b3e4f2bc62387235f244d1e4d3beb623465f2a48b0f2462be545f2333cfbed
verification/fuelsim/transient_b913_cax4rt_small_friction.fsi	feb330e37b3bd9eef293c4d0b42acaf98e274512d5359d3d88ab6a792edd5768
verification/fuelsim/transient_b914_cax4rt_finite_sliding.fsi	8541df0fddc0f388f29ba07ca3b47bcc77dab77b5b02d41d6639d3f6ef6e4643
verification/fuelsim/transient_b915_cax4rt_thermal_identification.fsi	c7f75d20cbd1ac60964611625c9deda867a37b8557de943b5747a89bbd751b8c
verification/fuelsim/transient_b91_cax4rt_finite_probe.fsi	80f2d5f3788dbae1ab56f99dbfa01417af27df4ad8061b0363587c86105f53af
verification/fuelsim/transient_b92_cax4rt_rectangle_probe.fsi	8bcf36af5b7243c9ee047c6e8fe754a8d0153d6790f9c43e995c402e26b6e3cb
verification/fuelsim/transient_b93_cax4rt_small_coupled.fsi	63b5aa7389131c44a144dd60acff1c8ee8ce7da1c493fe216c5bde3956db338e
verification/fuelsim/transient_b94_cax4rt_finite_coupled.fsi	5f7157ec0b34a24fd147f529aa90fdf75263ddc50b1607e97763df5fb6c1eaf2
verification/fuelsim/transient_b95_cax4rt_small_creep.fsi	9883a3786500323fdb80df8c30f7ce46fddbf954f75203b774bdb397a587b6d3
verification/fuelsim/transient_b96_cax4rt_finite_creep.fsi	563660c68ffe5e83770abcebecfa679fed73f349f3193c9e84f513f924ff958b
verification/fuelsim/transient_b97_cax4rt_small_plastic.fsi	0ead2aace6b7cd1a0517d8ffb04b5f6bcd9a1e0ca430d2a540f00aba296356e2
verification/fuelsim/transient_b98_cax4rt_finite_plastic.fsi	31f18f5e2ecd380563cc34383f9dd65c96304b9ca5c39ebe67efe7245c539e2b
verification/fuelsim/transient_b99_cax4rt_small_thermal.fsi	6fb032fc9be87a9eb9dc7cb856408a001b47ea003d512fefc9574ed46c7844aa
verification/meshes/b7_rz_contact.e	ac722a47ccb67e9d5087a71771544f53b177b0e90115d63fe95fa55c610ad638
verification/meshes/b7_rz_material.e	664e7f6f8bfddd765db623592bdda769897f71bf3712d7d7b69f09070dd5f984
verification/meshes/b8_rz_sliding.e	cb3bc3073c9af23c1616db9c33cbe67809d19be1e6f64ab398a46883465c5b75
verification/meshes/b915_rz_thermal.e	e21c3fa2b04fa654021bd806e190d7babb8a137b5224afecf84a3ea81cffdb6e
verification/meshes/b9_rz_probe.e	3078094fdf7fab630daa6cfc75ea5d22e629cbbe84999082fd466b0872a75d8d
verification/meshes/b9_rz_rectangle.e	e549651565b9c525a94f9aea17755b6e534e831b7a4499857c442338ac38624a
